Electoral wards and divisions Code,Electoral wards and divisions,Residence type (2 categories) Code,Residence type (2 categories),Observation
E05009317,Bethnal Green,1,Lives in a household,19417
E05009317,Bethnal Green,2,Lives in a communal establishment,1673
E05009318,Blackwall & Cubitt Town,1,Lives in a household,21426
E05009318,Blackwall & Cubitt Town,2,Lives in a communal establishment,0
E05009319,Bow East,1,Lives in a household,19523
E05009319,Bow East,2,Lives in a communal establishment,3
E05009320,Bow West,1,Lives in a household,13701
E05009320,Bow West,2,Lives in a communal establishment,10
E05009321,Bromley North,1,Lives in a household,11685
E05009321,Bromley North,2,Lives in a communal establishment,17
E05009322,Bromley South,1,Lives in a household,13960
E05009322,Bromley South,2,Lives in a communal establishment,4
E05009323,Canary Wharf,1,Lives in a household,17966
E05009323,Canary Wharf,2,Lives in a communal establishment,10
E05009324,Island Gardens,1,Lives in a household,15300
E05009324,Island Gardens,2,Lives in a communal establishment,7
E05009325,Lansbury,1,Lives in a household,21592
E05009325,Lansbury,2,Lives in a communal establishment,115
E05009326,Limehouse,1,Lives in a household,6506
E05009326,Limehouse,2,Lives in a communal establishment,49
E05009327,Mile End (Tower Hamlets),1,Lives in a household,21567
E05009327,Mile End (Tower Hamlets),2,Lives in a communal establishment,85
E05009328,Poplar (Tower Hamlets),1,Lives in a household,8022
E05009328,Poplar (Tower Hamlets),2,Lives in a communal establishment,47
E05009329,St Dunstan's,1,Lives in a household,14395
E05009329,St Dunstan's,2,Lives in a communal establishment,352
E05009330,St Katharine's & Wapping,1,Lives in a household,11961
E05009330,St Katharine's & Wapping,2,Lives in a communal establishment,0
E05009331,St Peter's (Tower Hamlets),1,Lives in a household,18558
E05009331,St Peter's (Tower Hamlets),2,Lives in a communal establishment,1221
E05009332,Shadwell,1,Lives in a household,12784
E05009332,Shadwell,2,Lives in a communal establishment,494
E05009333,Spitalfields & Banglatown,1,Lives in a household,12413
E05009333,Spitalfields & Banglatown,2,Lives in a communal establishment,927
E05009334,Stepney Green,1,Lives in a household,12127
E05009334,Stepney Green,2,Lives in a communal establishment,216
E05009335,Weavers,1,Lives in a household,13158
E05009335,Weavers,2,Lives in a communal establishment,181
E05009336,Whitechapel,1,Lives in a household,17621
E05009336,Whitechapel,2,Lives in a communal establishment,1220
E05009367,Brownswood,1,Lives in a household,8974
E05009367,Brownswood,2,Lives in a communal establishment,39
E05009368,Cazenove,1,Lives in a household,15334
E05009368,Cazenove,2,Lives in a communal establishment,0
E05009369,Clissold,1,Lives in a household,12574
E05009369,Clissold,2,Lives in a communal establishment,5
E05009370,Dalston,1,Lives in a household,8798
E05009370,Dalston,2,Lives in a communal establishment,82
E05009371,De Beauvoir,1,Lives in a household,9195
E05009371,De Beauvoir,2,Lives in a communal establishment,0
E05009372,Hackney Central,1,Lives in a household,12713
E05009372,Hackney Central,2,Lives in a communal establishment,6
E05009373,Hackney Downs,1,Lives in a household,12977
E05009373,Hackney Downs,2,Lives in a communal establishment,22
E05009374,Hackney Wick,1,Lives in a household,12002
E05009374,Hackney Wick,2,Lives in a communal establishment,304
E05009375,Haggerston,1,Lives in a household,14311
E05009375,Haggerston,2,Lives in a communal establishment,98
E05009376,Homerton,1,Lives in a household,13080
E05009376,Homerton,2,Lives in a communal establishment,804
E05009377,Hoxton East & Shoreditch,1,Lives in a household,11458
E05009377,Hoxton East & Shoreditch,2,Lives in a communal establishment,310
E05009378,Hoxton West,1,Lives in a household,13379
E05009378,Hoxton West,2,Lives in a communal establishment,373
E05009379,King's Park,1,Lives in a household,13047
E05009379,King's Park,2,Lives in a communal establishment,14
E05009380,Lea Bridge (Hackney),1,Lives in a household,14032
E05009380,Lea Bridge (Hackney),2,Lives in a communal establishment,92
E05009381,London Fields,1,Lives in a household,12664
E05009381,London Fields,2,Lives in a communal establishment,18
E05009382,Shacklewell,1,Lives in a household,9101
E05009382,Shacklewell,2,Lives in a communal establishment,24
E05009383,Springfield,1,Lives in a household,15317
E05009383,Springfield,2,Lives in a communal establishment,2
E05009384,Stamford Hill West,1,Lives in a household,10202
E05009384,Stamford Hill West,2,Lives in a communal establishment,143
E05009385,Stoke Newington,1,Lives in a household,13381
E05009385,Stoke Newington,2,Lives in a communal establishment,1
E05009386,Victoria (Hackney),1,Lives in a household,12097
E05009386,Victoria (Hackney),2,Lives in a communal establishment,59
E05009387,Woodberry Down,1,Lives in a household,11995
E05009387,Woodberry Down,2,Lives in a communal establishment,118
E05009388,Abingdon,1,Lives in a household,7777
E05009388,Abingdon,2,Lives in a communal establishment,117
E05009389,Brompton & Hans Town,1,Lives in a household,7745
E05009389,Brompton & Hans Town,2,Lives in a communal establishment,43
E05009390,Campden,1,Lives in a household,8608
E05009390,Campden,2,Lives in a communal establishment,16
E05009391,Chelsea Riverside,1,Lives in a household,7606
E05009391,Chelsea Riverside,2,Lives in a communal establishment,27
E05009392,Colville,1,Lives in a household,8573
E05009392,Colville,2,Lives in a communal establishment,1
E05009393,Courtfield,1,Lives in a household,7969
E05009393,Courtfield,2,Lives in a communal establishment,363
E05009394,Dalgarno,1,Lives in a household,7024
E05009394,Dalgarno,2,Lives in a communal establishment,188
E05009395,Earl's Court,1,Lives in a household,8723
E05009395,Earl's Court,2,Lives in a communal establishment,214
E05009396,Golborne,1,Lives in a household,8546
E05009396,Golborne,2,Lives in a communal establishment,257
E05009397,Holland,1,Lives in a household,9029
E05009397,Holland,2,Lives in a communal establishment,73
E05009398,Norland,1,Lives in a household,5699
E05009398,Norland,2,Lives in a communal establishment,2
E05009399,Notting Dale,1,Lives in a household,9135
E05009399,Notting Dale,2,Lives in a communal establishment,4
E05009400,Pembridge,1,Lives in a household,5062
E05009400,Pembridge,2,Lives in a communal establishment,317
E05009401,Queen's Gate,1,Lives in a household,7761
E05009401,Queen's Gate,2,Lives in a communal establishment,142
E05009402,Redcliffe,1,Lives in a household,9106
E05009402,Redcliffe,2,Lives in a communal establishment,88
E05009403,Royal Hospital,1,Lives in a household,8134
E05009403,Royal Hospital,2,Lives in a communal establishment,283
E05009404,St. Helen's (Kensington and Chelsea),1,Lives in a household,6126
E05009404,St. Helen's (Kensington and Chelsea),2,Lives in a communal establishment,32
E05009405,Stanley (Kensington and Chelsea),1,Lives in a household,8442
E05009405,Stanley (Kensington and Chelsea),2,Lives in a communal establishment,139
E05011095,Borough & Bankside,1,Lives in a household,7800
E05011095,Borough & Bankside,2,Lives in a communal establishment,1213
E05011096,Camberwell Green,1,Lives in a household,15450
E05011096,Camberwell Green,2,Lives in a communal establishment,59
E05011097,Champion Hill,1,Lives in a household,9216
E05011097,Champion Hill,2,Lives in a communal establishment,3
E05011098,Chaucer,1,Lives in a household,14135
E05011098,Chaucer,2,Lives in a communal establishment,597
E05011099,Dulwich Hill,1,Lives in a household,9508
E05011099,Dulwich Hill,2,Lives in a communal establishment,83
E05011100,Dulwich Village,1,Lives in a household,10206
E05011100,Dulwich Village,2,Lives in a communal establishment,49
E05011101,Dulwich Wood,1,Lives in a household,10410
E05011101,Dulwich Wood,2,Lives in a communal establishment,178
E05011102,Faraday,1,Lives in a household,12456
E05011102,Faraday,2,Lives in a communal establishment,9
E05011103,Goose Green,1,Lives in a household,13603
E05011103,Goose Green,2,Lives in a communal establishment,9
E05011104,London Bridge & West Bermondsey,1,Lives in a household,14582
E05011104,London Bridge & West Bermondsey,2,Lives in a communal establishment,515
E05011105,Newington (Southwark),1,Lives in a household,13438
E05011105,Newington (Southwark),2,Lives in a communal establishment,4
E05011106,North Bermondsey,1,Lives in a household,15070
E05011106,North Bermondsey,2,Lives in a communal establishment,212
E05011107,North Walworth,1,Lives in a household,15360
E05011107,North Walworth,2,Lives in a communal establishment,484
E05011108,Nunhead & Queen's Road,1,Lives in a household,15427
E05011108,Nunhead & Queen's Road,2,Lives in a communal establishment,128
E05011109,Old Kent Road,1,Lives in a household,19033
E05011109,Old Kent Road,2,Lives in a communal establishment,4
E05011110,Peckham,1,Lives in a household,14750
E05011110,Peckham,2,Lives in a communal establishment,37
E05011111,Peckham Rye,1,Lives in a household,10122
E05011111,Peckham Rye,2,Lives in a communal establishment,36
E05011112,Rotherhithe,1,Lives in a household,15474
E05011112,Rotherhithe,2,Lives in a communal establishment,152
E05011113,Rye Lane,1,Lives in a household,14443
E05011113,Rye Lane,2,Lives in a communal establishment,29
E05011114,St George's (Southwark),1,Lives in a household,7723
E05011114,St George's (Southwark),2,Lives in a communal establishment,733
E05011115,St Giles,1,Lives in a household,15357
E05011115,St Giles,2,Lives in a communal establishment,588
E05011116,South Bermondsey,1,Lives in a household,15934
E05011116,South Bermondsey,2,Lives in a communal establishment,11
E05011117,Surrey Docks,1,Lives in a household,13001
E05011117,Surrey Docks,2,Lives in a communal establishment,7
E05011217,Barnehurst,1,Lives in a household,11601
E05011217,Barnehurst,2,Lives in a communal establishment,77
E05011218,Belvedere,1,Lives in a household,17683
E05011218,Belvedere,2,Lives in a communal establishment,7
E05011219,Bexleyheath,1,Lives in a household,15560
E05011219,Bexleyheath,2,Lives in a communal establishment,58
E05011220,Blackfen & Lamorbey,1,Lives in a household,16634
E05011220,Blackfen & Lamorbey,2,Lives in a communal establishment,92
E05011221,Blendon & Penhill,1,Lives in a household,15632
E05011221,Blendon & Penhill,2,Lives in a communal establishment,1
E05011222,Crayford,1,Lives in a household,16210
E05011222,Crayford,2,Lives in a communal establishment,71
E05011223,Crook Log,1,Lives in a household,15128
E05011223,Crook Log,2,Lives in a communal establishment,131
E05011224,East Wickham,1,Lives in a household,15840
E05011224,East Wickham,2,Lives in a communal establishment,73
E05011225,Erith,1,Lives in a household,13063
E05011225,Erith,2,Lives in a communal establishment,39
E05011226,Falconwood & Welling,1,Lives in a household,16573
E05011226,Falconwood & Welling,2,Lives in a communal establishment,0
E05011227,Longlands,1,Lives in a household,9901
E05011227,Longlands,2,Lives in a communal establishment,177
E05011228,Northumberland Heath,1,Lives in a household,11132
E05011228,Northumberland Heath,2,Lives in a communal establishment,11
E05011229,St Mary's & St James (Bexley),1,Lives in a household,10722
E05011229,St Mary's & St James (Bexley),2,Lives in a communal establishment,25
E05011230,Sidcup,1,Lives in a household,15073
E05011230,Sidcup,2,Lives in a communal establishment,348
E05011231,Slade Green & Northend,1,Lives in a household,12745
E05011231,Slade Green & Northend,2,Lives in a communal establishment,4
E05011232,Thamesmead East,1,Lives in a household,15833
E05011232,Thamesmead East,2,Lives in a communal establishment,93
E05011233,West Heath (Bexley),1,Lives in a household,15936
E05011233,West Heath (Bexley),2,Lives in a communal establishment,0
E05011234,Aldborough,1,Lives in a household,15327
E05011234,Aldborough,2,Lives in a communal establishment,135
E05011235,Barkingside,1,Lives in a household,15319
E05011235,Barkingside,2,Lives in a communal establishment,6
E05011236,Bridge (Redbridge),1,Lives in a household,13379
E05011236,Bridge (Redbridge),2,Lives in a communal establishment,13
E05011237,Chadwell,1,Lives in a household,16404
E05011237,Chadwell,2,Lives in a communal establishment,125
E05011238,Churchfields,1,Lives in a household,15633
E05011238,Churchfields,2,Lives in a communal establishment,77
E05011239,Clayhall,1,Lives in a household,14401
E05011239,Clayhall,2,Lives in a communal establishment,19
E05011240,Clementswood,1,Lives in a household,13455
E05011240,Clementswood,2,Lives in a communal establishment,48
E05011241,Cranbrook (Redbridge),1,Lives in a household,13097
E05011241,Cranbrook (Redbridge),2,Lives in a communal establishment,141
E05011242,Fairlop,1,Lives in a household,14705
E05011242,Fairlop,2,Lives in a communal establishment,9
E05011243,Fullwell,1,Lives in a household,15365
E05011243,Fullwell,2,Lives in a communal establishment,44
E05011244,Goodmayes,1,Lives in a household,15166
E05011244,Goodmayes,2,Lives in a communal establishment,93
E05011245,Hainault,1,Lives in a household,15645
E05011245,Hainault,2,Lives in a communal establishment,57
E05011246,Ilford Town,1,Lives in a household,12243
E05011246,Ilford Town,2,Lives in a communal establishment,84
E05011247,Loxford,1,Lives in a household,15007
E05011247,Loxford,2,Lives in a communal establishment,116
E05011248,Mayfield,1,Lives in a household,16246
E05011248,Mayfield,2,Lives in a communal establishment,46
E05011249,Monkhams,1,Lives in a household,9386
E05011249,Monkhams,2,Lives in a communal establishment,94
E05011250,Newbury,1,Lives in a household,14418
E05011250,Newbury,2,Lives in a communal establishment,40
E05011251,Seven Kings,1,Lives in a household,14880
E05011251,Seven Kings,2,Lives in a communal establishment,166
E05011252,South Woodford,1,Lives in a household,12778
E05011252,South Woodford,2,Lives in a communal establishment,55
E05011253,Valentines,1,Lives in a household,14944
E05011253,Valentines,2,Lives in a communal establishment,265
E05011254,Wanstead Park,1,Lives in a household,8051
E05011254,Wanstead Park,2,Lives in a communal establishment,12
E05011255,Wanstead Village,1,Lives in a household,12642
E05011255,Wanstead Village,2,Lives in a communal establishment,123
E05011462,Addiscombe East,1,Lives in a household,11403
E05011462,Addiscombe East,2,Lives in a communal establishment,61
E05011463,Addiscombe West,1,Lives in a household,16144
E05011463,Addiscombe West,2,Lives in a communal establishment,64
E05011464,Bensham Manor,1,Lives in a household,16795
E05011464,Bensham Manor,2,Lives in a communal establishment,143
E05011465,Broad Green,1,Lives in a household,20063
E05011465,Broad Green,2,Lives in a communal establishment,159
E05011466,Coulsdon Town,1,Lives in a household,15300
E05011466,Coulsdon Town,2,Lives in a communal establishment,119
E05011467,Crystal Palace & Upper Norwood,1,Lives in a household,16156
E05011467,Crystal Palace & Upper Norwood,2,Lives in a communal establishment,196
E05011468,Fairfield (Croydon),1,Lives in a household,15176
E05011468,Fairfield (Croydon),2,Lives in a communal establishment,169
E05011469,Kenley,1,Lives in a household,10707
E05011469,Kenley,2,Lives in a communal establishment,278
E05011470,New Addington North,1,Lives in a household,10935
E05011470,New Addington North,2,Lives in a communal establishment,1
E05011471,New Addington South,1,Lives in a household,11256
E05011471,New Addington South,2,Lives in a communal establishment,72
E05011472,Norbury & Pollards Hill,1,Lives in a household,12045
E05011472,Norbury & Pollards Hill,2,Lives in a communal establishment,100
E05011473,Norbury Park,1,Lives in a household,10781
E05011473,Norbury Park,2,Lives in a communal establishment,46
E05011474,Old Coulsdon,1,Lives in a household,10097
E05011474,Old Coulsdon,2,Lives in a communal establishment,12
E05011475,Park Hill & Whitgift,1,Lives in a household,5703
E05011475,Park Hill & Whitgift,2,Lives in a communal establishment,84
E05011476,Purley & Woodcote,1,Lives in a household,14750
E05011476,Purley & Woodcote,2,Lives in a communal establishment,434
E05011477,Purley Oaks & Riddlesdown,1,Lives in a household,9687
E05011477,Purley Oaks & Riddlesdown,2,Lives in a communal establishment,28
E05011478,Sanderstead,1,Lives in a household,15628
E05011478,Sanderstead,2,Lives in a communal establishment,145
E05011479,Selhurst,1,Lives in a household,13092
E05011479,Selhurst,2,Lives in a communal establishment,92
E05011480,Selsdon & Addington Village,1,Lives in a household,9928
E05011480,Selsdon & Addington Village,2,Lives in a communal establishment,0
E05011481,Selsdon Vale & Forestdale,1,Lives in a household,10009
E05011481,Selsdon Vale & Forestdale,2,Lives in a communal establishment,3
E05011482,Shirley North,1,Lives in a household,15393
E05011482,Shirley North,2,Lives in a communal establishment,9
E05011483,Shirley South (Croydon),1,Lives in a household,10537
E05011483,Shirley South (Croydon),2,Lives in a communal establishment,86
E05011484,South Croydon,1,Lives in a household,17699
E05011484,South Croydon,2,Lives in a communal establishment,365
E05011485,South Norwood,1,Lives in a household,16281
E05011485,South Norwood,2,Lives in a communal establishment,166
E05011486,Thornton Heath,1,Lives in a household,17897
E05011486,Thornton Heath,2,Lives in a communal establishment,105
E05011487,Waddon,1,Lives in a household,18417
E05011487,Waddon,2,Lives in a communal establishment,267
E05011488,West Thornton,1,Lives in a household,18643
E05011488,West Thornton,2,Lives in a communal establishment,121
E05011489,Woodside (Croydon),1,Lives in a household,16855
E05011489,Woodside (Croydon),2,Lives in a communal establishment,15
E05013496,Alperton,1,Lives in a household,15054
E05013496,Alperton,2,Lives in a communal establishment,2
E05013497,Barnhill,1,Lives in a household,11258
E05013497,Barnhill,2,Lives in a communal establishment,161
E05013498,Brondesbury Park,1,Lives in a household,13305
E05013498,Brondesbury Park,2,Lives in a communal establishment,130
E05013499,Cricklewood & Mapesbury,1,Lives in a household,14133
E05013499,Cricklewood & Mapesbury,2,Lives in a communal establishment,18
E05013500,Dollis Hill,1,Lives in a household,21660
E05013500,Dollis Hill,2,Lives in a communal establishment,188
E05013501,Harlesden & Kensal Green,1,Lives in a household,20064
E05013501,Harlesden & Kensal Green,2,Lives in a communal establishment,12
E05013502,Kenton (Brent),1,Lives in a household,17496
E05013502,Kenton (Brent),2,Lives in a communal establishment,190
E05013503,Kilburn (Brent),1,Lives in a household,17166
E05013503,Kilburn (Brent),2,Lives in a communal establishment,46
E05013504,Kingsbury (Brent),1,Lives in a household,11169
E05013504,Kingsbury (Brent),2,Lives in a communal establishment,67
E05013505,Northwick Park,1,Lives in a household,11989
E05013505,Northwick Park,2,Lives in a communal establishment,378
E05013506,Preston (Brent),1,Lives in a household,12586
E05013506,Preston (Brent),2,Lives in a communal establishment,76
E05013507,Queens Park (Brent),1,Lives in a household,17143
E05013507,Queens Park (Brent),2,Lives in a communal establishment,15
E05013508,Queensbury (Brent),1,Lives in a household,17135
E05013508,Queensbury (Brent),2,Lives in a communal establishment,54
E05013509,Roundwood,1,Lives in a household,16624
E05013509,Roundwood,2,Lives in a communal establishment,83
E05013510,Stonebridge,1,Lives in a household,20064
E05013510,Stonebridge,2,Lives in a communal establishment,191
E05013511,Sudbury,1,Lives in a household,13881
E05013511,Sudbury,2,Lives in a communal establishment,57
E05013512,Tokyngton,1,Lives in a household,9669
E05013512,Tokyngton,2,Lives in a communal establishment,337
E05013513,Welsh Harp,1,Lives in a household,17882
E05013513,Welsh Harp,2,Lives in a communal establishment,39
E05013514,Wembley Central,1,Lives in a household,17804
E05013514,Wembley Central,2,Lives in a communal establishment,121
E05013515,Wembley Hill,1,Lives in a household,15011
E05013515,Wembley Hill,2,Lives in a communal establishment,52
E05013516,Wembley Park,1,Lives in a household,5769
E05013516,Wembley Park,2,Lives in a communal establishment,1779
E05013517,Willesden Green,1,Lives in a household,18944
E05013517,Willesden Green,2,Lives in a communal establishment,13
E05013518,Central Greenford,1,Lives in a household,14327
E05013518,Central Greenford,2,Lives in a communal establishment,27
E05013519,Dormers Wells,1,Lives in a household,15456
E05013519,Dormers Wells,2,Lives in a communal establishment,153
E05013520,Ealing Broadway,1,Lives in a household,13777
E05013520,Ealing Broadway,2,Lives in a communal establishment,141
E05013521,Ealing Common,1,Lives in a household,15734
E05013521,Ealing Common,2,Lives in a communal establishment,211
E05013522,East Acton,1,Lives in a household,15189
E05013522,East Acton,2,Lives in a communal establishment,21
E05013523,Greenford Broadway,1,Lives in a household,17276
E05013523,Greenford Broadway,2,Lives in a communal establishment,108
E05013524,Hanger Hill,1,Lives in a household,16950
E05013524,Hanger Hill,2,Lives in a communal establishment,94
E05013525,Hanwell Broadway,1,Lives in a household,15167
E05013525,Hanwell Broadway,2,Lives in a communal establishment,123
E05013526,Lady Margaret,1,Lives in a household,15572
E05013526,Lady Margaret,2,Lives in a communal establishment,213
E05013527,North Acton,1,Lives in a household,17000
E05013527,North Acton,2,Lives in a communal establishment,2043
E05013528,North Greenford,1,Lives in a household,15557
E05013528,North Greenford,2,Lives in a communal establishment,0
E05013529,North Hanwell,1,Lives in a household,14956
E05013529,North Hanwell,2,Lives in a communal establishment,84
E05013530,Northfield (Ealing),1,Lives in a household,14262
E05013530,Northfield (Ealing),2,Lives in a communal establishment,3
E05013531,Northolt Mandeville,1,Lives in a household,17509
E05013531,Northolt Mandeville,2,Lives in a communal establishment,23
E05013532,Northolt West End,1,Lives in a household,16515
E05013532,Northolt West End,2,Lives in a communal establishment,21
E05013533,Norwood Green,1,Lives in a household,15775
E05013533,Norwood Green,2,Lives in a communal establishment,319
E05013534,Perivale,1,Lives in a household,16144
E05013534,Perivale,2,Lives in a communal establishment,41
E05013535,Pitshanger,1,Lives in a household,15021
E05013535,Pitshanger,2,Lives in a communal establishment,148
E05013536,South Acton,1,Lives in a household,16623
E05013536,South Acton,2,Lives in a communal establishment,199
E05013537,Southall Broadway,1,Lives in a household,10770
E05013537,Southall Broadway,2,Lives in a communal establishment,55
E05013538,Southall Green,1,Lives in a household,15655
E05013538,Southall Green,2,Lives in a communal establishment,39
E05013539,Southall West,1,Lives in a household,6580
E05013539,Southall West,2,Lives in a communal establishment,1
E05013540,Southfield,1,Lives in a household,16463
E05013540,Southfield,2,Lives in a communal establishment,9
E05013541,Walpole,1,Lives in a household,14629
E05013541,Walpole,2,Lives in a communal establishment,127
E05013542,Belmont (Harrow),1,Lives in a household,9016
E05013542,Belmont (Harrow),2,Lives in a communal establishment,5
E05013543,Canons,1,Lives in a household,9720
E05013543,Canons,2,Lives in a communal establishment,15
E05013544,Centenary,1,Lives in a household,15178
E05013544,Centenary,2,Lives in a communal establishment,22
E05013545,Edgware (Harrow),1,Lives in a household,15655
E05013545,Edgware (Harrow),2,Lives in a communal establishment,58
E05013546,Greenhill (Harrow),1,Lives in a household,10872
E05013546,Greenhill (Harrow),2,Lives in a communal establishment,143
E05013547,Harrow on the Hill,1,Lives in a household,9860
E05013547,Harrow on the Hill,2,Lives in a communal establishment,926
E05013548,Harrow Weald,1,Lives in a household,14084
E05013548,Harrow Weald,2,Lives in a communal establishment,257
E05013549,Hatch End,1,Lives in a household,9774
E05013549,Hatch End,2,Lives in a communal establishment,48
E05013550,Headstone,1,Lives in a household,14880
E05013550,Headstone,2,Lives in a communal establishment,2
E05013551,Kenton East,1,Lives in a household,13598
E05013551,Kenton East,2,Lives in a communal establishment,16
E05013552,Kenton West,1,Lives in a household,9900
E05013552,Kenton West,2,Lives in a communal establishment,90
E05013553,Marlborough,1,Lives in a household,11820
E05013553,Marlborough,2,Lives in a communal establishment,170
E05013554,North Harrow,1,Lives in a household,8983
E05013554,North Harrow,2,Lives in a communal establishment,11
E05013555,Pinner,1,Lives in a household,13061
E05013555,Pinner,2,Lives in a communal establishment,76
E05013556,Pinner South,1,Lives in a household,15729
E05013556,Pinner South,2,Lives in a communal establishment,10
E05013557,Rayners Lane,1,Lives in a household,9140
E05013557,Rayners Lane,2,Lives in a communal establishment,3
E05013558,Roxbourne,1,Lives in a household,9874
E05013558,Roxbourne,2,Lives in a communal establishment,31
E05013559,Roxeth,1,Lives in a household,15852
E05013559,Roxeth,2,Lives in a communal establishment,12
E05013560,Stanmore,1,Lives in a household,13313
E05013560,Stanmore,2,Lives in a communal establishment,188
E05013561,Wealdstone North,1,Lives in a household,10483
E05013561,Wealdstone North,2,Lives in a communal establishment,5
E05013562,Wealdstone South,1,Lives in a household,7853
E05013562,Wealdstone South,2,Lives in a communal establishment,104
E05013563,West Harrow,1,Lives in a household,10360
E05013563,West Harrow,2,Lives in a communal establishment,3
E05013564,Belmore,1,Lives in a household,17466
E05013564,Belmore,2,Lives in a communal establishment,27
E05013565,Charville,1,Lives in a household,11433
E05013565,Charville,2,Lives in a communal establishment,78
E05013566,Colham & Cowley,1,Lives in a household,17539
E05013566,Colham & Cowley,2,Lives in a communal establishment,1596
E05013567,Eastcote,1,Lives in a household,16855
E05013567,Eastcote,2,Lives in a communal establishment,56
E05013568,Harefield Village,1,Lives in a household,5605
E05013568,Harefield Village,2,Lives in a communal establishment,136
E05013569,Hayes Town,1,Lives in a household,14938
E05013569,Hayes Town,2,Lives in a communal establishment,60
E05013570,Heathrow Villages,1,Lives in a household,13894
E05013570,Heathrow Villages,2,Lives in a communal establishment,147
E05013571,Hillingdon East,1,Lives in a household,15708
E05013571,Hillingdon East,2,Lives in a communal establishment,96
E05013572,Hillingdon West,1,Lives in a household,9622
E05013572,Hillingdon West,2,Lives in a communal establishment,68
E05013573,Ickenham & South Harefield,1,Lives in a household,15485
E05013573,Ickenham & South Harefield,2,Lives in a communal establishment,31
E05013574,Northwood (Hillingdon),1,Lives in a household,11142
E05013574,Northwood (Hillingdon),2,Lives in a communal establishment,168
E05013575,Northwood Hills,1,Lives in a household,11694
E05013575,Northwood Hills,2,Lives in a communal establishment,77
E05013576,Pinkwell,1,Lives in a household,16698
E05013576,Pinkwell,2,Lives in a communal establishment,11
E05013577,Ruislip,1,Lives in a household,15383
E05013577,Ruislip,2,Lives in a communal establishment,58
E05013578,Ruislip Manor,1,Lives in a household,10943
E05013578,Ruislip Manor,2,Lives in a communal establishment,37
E05013579,South Ruislip,1,Lives in a household,16568
E05013579,South Ruislip,2,Lives in a communal establishment,270
E05013580,Uxbridge,1,Lives in a household,15859
E05013580,Uxbridge,2,Lives in a communal establishment,2103
E05013581,West Drayton,1,Lives in a household,18159
E05013581,West Drayton,2,Lives in a communal establishment,274
E05013582,Wood End,1,Lives in a household,19613
E05013582,Wood End,2,Lives in a communal establishment,189
E05013583,Yeading,1,Lives in a household,13416
E05013583,Yeading,2,Lives in a communal establishment,0
E05013584,Yiewsley,1,Lives in a household,12400
E05013584,Yiewsley,2,Lives in a communal establishment,6
E05013585,Alexandra Park,1,Lives in a household,8838
E05013585,Alexandra Park,2,Lives in a communal establishment,0
E05013586,Bounds Green,1,Lives in a household,9822
E05013586,Bounds Green,2,Lives in a communal establishment,11
E05013587,Bruce Castle,1,Lives in a household,13365
E05013587,Bruce Castle,2,Lives in a communal establishment,112
E05013588,Crouch End,1,Lives in a household,13039
E05013588,Crouch End,2,Lives in a communal establishment,1
E05013589,Fortis Green,1,Lives in a household,12384
E05013589,Fortis Green,2,Lives in a communal establishment,214
E05013590,Harringay,1,Lives in a household,14563
E05013590,Harringay,2,Lives in a communal establishment,5
E05013591,Hermitage & Gardens,1,Lives in a household,8388
E05013591,Hermitage & Gardens,2,Lives in a communal establishment,49
E05013592,Highgate (Haringey),1,Lives in a household,12726
E05013592,Highgate (Haringey),2,Lives in a communal establishment,38
E05013593,Hornsey,1,Lives in a household,14973
E05013593,Hornsey,2,Lives in a communal establishment,62
E05013594,Muswell Hill,1,Lives in a household,8650
E05013594,Muswell Hill,2,Lives in a communal establishment,129
E05013595,Noel Park,1,Lives in a household,13637
E05013595,Noel Park,2,Lives in a communal establishment,77
E05013596,Northumberland Park,1,Lives in a household,14643
E05013596,Northumberland Park,2,Lives in a communal establishment,62
E05013597,St Ann's (Haringey),1,Lives in a household,10531
E05013597,St Ann's (Haringey),2,Lives in a communal establishment,59
E05013598,Seven Sisters,1,Lives in a household,9189
E05013598,Seven Sisters,2,Lives in a communal establishment,49
E05013599,South Tottenham,1,Lives in a household,16559
E05013599,South Tottenham,2,Lives in a communal establishment,262
E05013600,Stroud Green,1,Lives in a household,10748
E05013600,Stroud Green,2,Lives in a communal establishment,43
E05013601,Tottenham Central,1,Lives in a household,14724
E05013601,Tottenham Central,2,Lives in a communal establishment,15
E05013602,Tottenham Hale,1,Lives in a household,11245
E05013602,Tottenham Hale,2,Lives in a communal establishment,931
E05013603,West Green,1,Lives in a household,14944
E05013603,West Green,2,Lives in a communal establishment,24
E05013604,White Hart Lane,1,Lives in a household,13872
E05013604,White Hart Lane,2,Lives in a communal establishment,10
E05013605,Woodside (Haringey),1,Lives in a household,15229
E05013605,Woodside (Haringey),2,Lives in a communal establishment,16
E05013606,Bedfont,1,Lives in a household,15096
E05013606,Bedfont,2,Lives in a communal establishment,53
E05013607,Brentford East,1,Lives in a household,8690
E05013607,Brentford East,2,Lives in a communal establishment,2
E05013608,Brentford West,1,Lives in a household,7868
E05013608,Brentford West,2,Lives in a communal establishment,11
E05013609,Chiswick Gunnersbury,1,Lives in a household,12635
E05013609,Chiswick Gunnersbury,2,Lives in a communal establishment,62
E05013610,Chiswick Homefields,1,Lives in a household,13556
E05013610,Chiswick Homefields,2,Lives in a communal establishment,184
E05013611,Chiswick Riverside,1,Lives in a household,10301
E05013611,Chiswick Riverside,2,Lives in a communal establishment,0
E05013612,Cranford,1,Lives in a household,16019
E05013612,Cranford,2,Lives in a communal establishment,9
E05013613,Feltham North,1,Lives in a household,12591
E05013613,Feltham North,2,Lives in a communal establishment,315
E05013614,Feltham West,1,Lives in a household,15975
E05013614,Feltham West,2,Lives in a communal establishment,249
E05013615,Hanworth Park,1,Lives in a household,10403
E05013615,Hanworth Park,2,Lives in a communal establishment,0
E05013616,Hanworth Village,1,Lives in a household,16231
E05013616,Hanworth Village,2,Lives in a communal establishment,34
E05013617,Heston Central,1,Lives in a household,14367
E05013617,Heston Central,2,Lives in a communal establishment,167
E05013618,Heston East,1,Lives in a household,11136
E05013618,Heston East,2,Lives in a communal establishment,22
E05013619,Heston West,1,Lives in a household,15716
E05013619,Heston West,2,Lives in a communal establishment,13
E05013620,Hounslow Central,1,Lives in a household,10605
E05013620,Hounslow Central,2,Lives in a communal establishment,54
E05013621,Hounslow East,1,Lives in a household,8671
E05013621,Hounslow East,2,Lives in a communal establishment,1
E05013622,Hounslow Heath,1,Lives in a household,16075
E05013622,Hounslow Heath,2,Lives in a communal establishment,0
E05013623,Hounslow South,1,Lives in a household,13730
E05013623,Hounslow South,2,Lives in a communal establishment,18
E05013624,Hounslow West,1,Lives in a household,15607
E05013624,Hounslow West,2,Lives in a communal establishment,308
E05013625,Isleworth,1,Lives in a household,13688
E05013625,Isleworth,2,Lives in a communal establishment,111
E05013626,Osterley & Spring Grove,1,Lives in a household,14558
E05013626,Osterley & Spring Grove,2,Lives in a communal establishment,102
E05013627,Syon & Brentford Lock,1,Lives in a household,12864
E05013627,Syon & Brentford Lock,2,Lives in a communal establishment,84
E05013628,Barnet Vale,1,Lives in a household,16849
E05013628,Barnet Vale,2,Lives in a communal establishment,20
E05013629,Brunswick Park,1,Lives in a household,16156
E05013629,Brunswick Park,2,Lives in a communal establishment,53
E05013630,Burnt Oak,1,Lives in a household,21795
E05013630,Burnt Oak,2,Lives in a communal establishment,62
E05013631,Childs Hill,1,Lives in a household,19440
E05013631,Childs Hill,2,Lives in a communal establishment,189
E05013632,Colindale North,1,Lives in a household,12059
E05013632,Colindale North,2,Lives in a communal establishment,1
E05013633,Colindale South,1,Lives in a household,18757
E05013633,Colindale South,2,Lives in a communal establishment,656
E05013634,Cricklewood,1,Lives in a household,10557
E05013634,Cricklewood,2,Lives in a communal establishment,167
E05013635,East Barnet,1,Lives in a household,18115
E05013635,East Barnet,2,Lives in a communal establishment,29
E05013636,East Finchley,1,Lives in a household,16560
E05013636,East Finchley,2,Lives in a communal establishment,79
E05013637,Edgware (Barnet),1,Lives in a household,19899
E05013637,Edgware (Barnet),2,Lives in a communal establishment,99
E05013638,Edgwarebury,1,Lives in a household,12107
E05013638,Edgwarebury,2,Lives in a communal establishment,2
E05013639,Finchley Church End,1,Lives in a household,18736
E05013639,Finchley Church End,2,Lives in a communal establishment,104
E05013640,Friern Barnet,1,Lives in a household,19184
E05013640,Friern Barnet,2,Lives in a communal establishment,265
E05013641,Garden Suburb,1,Lives in a household,12205
E05013641,Garden Suburb,2,Lives in a communal establishment,2
E05013642,Golders Green,1,Lives in a household,14662
E05013642,Golders Green,2,Lives in a communal establishment,84
E05013643,Hendon (Barnet),1,Lives in a household,21868
E05013643,Hendon (Barnet),2,Lives in a communal establishment,113
E05013644,High Barnet,1,Lives in a household,11730
E05013644,High Barnet,2,Lives in a communal establishment,200
E05013645,Mill Hill (Barnet),1,Lives in a household,18024
E05013645,Mill Hill (Barnet),2,Lives in a communal establishment,283
E05013646,Totteridge & Woodside,1,Lives in a household,14245
E05013646,Totteridge & Woodside,2,Lives in a communal establishment,248
E05013647,Underhill,1,Lives in a household,12270
E05013647,Underhill,2,Lives in a communal establishment,101
E05013648,West Finchley,1,Lives in a household,19297
E05013648,West Finchley,2,Lives in a communal establishment,133
E05013649,West Hendon,1,Lives in a household,17168
E05013649,West Hendon,2,Lives in a communal establishment,83
E05013650,Whetstone,1,Lives in a household,10608
E05013650,Whetstone,2,Lives in a communal establishment,164
E05013651,Woodhouse (Barnet),1,Lives in a household,13660
E05013651,Woodhouse (Barnet),2,Lives in a communal establishment,254
E05013652,Belsize,1,Lives in a household,12169
E05013652,Belsize,2,Lives in a communal establishment,130
E05013653,Bloomsbury,1,Lives in a household,8200
E05013653,Bloomsbury,2,Lives in a communal establishment,2895
E05013654,Camden Square,1,Lives in a household,7509
E05013654,Camden Square,2,Lives in a communal establishment,46
E05013655,Camden Town,1,Lives in a household,6286
E05013655,Camden Town,2,Lives in a communal establishment,103
E05013656,Fortune Green,1,Lives in a household,11371
E05013656,Fortune Green,2,Lives in a communal establishment,39
E05013657,Frognal,1,Lives in a household,7713
E05013657,Frognal,2,Lives in a communal establishment,12
E05013658,Gospel Oak,1,Lives in a household,11543
E05013658,Gospel Oak,2,Lives in a communal establishment,73
E05013659,Hampstead Town,1,Lives in a household,8006
E05013659,Hampstead Town,2,Lives in a communal establishment,10
E05013660,Haverstock,1,Lives in a household,11931
E05013660,Haverstock,2,Lives in a communal establishment,107
E05013661,Highgate (Camden),1,Lives in a household,10188
E05013661,Highgate (Camden),2,Lives in a communal establishment,38
E05013662,Holborn & Covent Garden,1,Lives in a household,10130
E05013662,Holborn & Covent Garden,2,Lives in a communal establishment,229
E05013663,Kentish Town North,1,Lives in a household,7078
E05013663,Kentish Town North,2,Lives in a communal establishment,78
E05013664,Kentish Town South,1,Lives in a household,10026
E05013664,Kentish Town South,2,Lives in a communal establishment,395
E05013665,Kilburn (Camden),1,Lives in a household,12007
E05013665,Kilburn (Camden),2,Lives in a communal establishment,54
E05013666,King's Cross,1,Lives in a household,9480
E05013666,King's Cross,2,Lives in a communal establishment,1982
E05013667,Primrose Hill,1,Lives in a household,12486
E05013667,Primrose Hill,2,Lives in a communal establishment,57
E05013668,Regent's Park (Camden),1,Lives in a household,11504
E05013668,Regent's Park (Camden),2,Lives in a communal establishment,422
E05013669,St Pancras & Somers Town,1,Lives in a household,11925
E05013669,St Pancras & Somers Town,2,Lives in a communal establishment,587
E05013670,South Hampstead,1,Lives in a household,11988
E05013670,South Hampstead,2,Lives in a communal establishment,178
E05013671,West Hampstead,1,Lives in a household,11160
E05013671,West Hampstead,2,Lives in a communal establishment,2
E05013672,Arnos Grove,1,Lives in a household,8173
E05013672,Arnos Grove,2,Lives in a communal establishment,45
E05013673,Bowes,1,Lives in a household,10781
E05013673,Bowes,2,Lives in a communal establishment,10
E05013674,Brimsdown,1,Lives in a household,16215
E05013674,Brimsdown,2,Lives in a communal establishment,35
E05013675,Bullsmoor,1,Lives in a household,11352
E05013675,Bullsmoor,2,Lives in a communal establishment,104
E05013676,Bush Hill Park,1,Lives in a household,12520
E05013676,Bush Hill Park,2,Lives in a communal establishment,187
E05013677,Carterhatch,1,Lives in a household,12307
E05013677,Carterhatch,2,Lives in a communal establishment,60
E05013678,Cockfosters,1,Lives in a household,10427
E05013678,Cockfosters,2,Lives in a communal establishment,180
E05013679,Edmonton Green,1,Lives in a household,17105
E05013679,Edmonton Green,2,Lives in a communal establishment,27
E05013680,Enfield Lock,1,Lives in a household,17779
E05013680,Enfield Lock,2,Lives in a communal establishment,39
E05013681,Grange Park,1,Lives in a household,9331
E05013681,Grange Park,2,Lives in a communal establishment,31
E05013682,Haselbury,1,Lives in a household,18078
E05013682,Haselbury,2,Lives in a communal establishment,57
E05013683,Highfield (Enfield),1,Lives in a household,9222
E05013683,Highfield (Enfield),2,Lives in a communal establishment,26
E05013684,Jubilee (Enfield),1,Lives in a household,16405
E05013684,Jubilee (Enfield),2,Lives in a communal establishment,140
E05013685,Lower Edmonton,1,Lives in a household,16525
E05013685,Lower Edmonton,2,Lives in a communal establishment,29
E05013686,New Southgate,1,Lives in a household,11862
E05013686,New Southgate,2,Lives in a communal establishment,46
E05013687,Oakwood (Enfield),1,Lives in a household,8688
E05013687,Oakwood (Enfield),2,Lives in a communal establishment,59
E05013688,Palmers Green,1,Lives in a household,10848
E05013688,Palmers Green,2,Lives in a communal establishment,166
E05013689,Ponders End,1,Lives in a household,13658
E05013689,Ponders End,2,Lives in a communal establishment,21
E05013690,Ridgeway (Enfield),1,Lives in a household,12482
E05013690,Ridgeway (Enfield),2,Lives in a communal establishment,51
E05013691,Southbury,1,Lives in a household,15877
E05013691,Southbury,2,Lives in a communal establishment,33
E05013692,Southgate (Enfield),1,Lives in a household,14370
E05013692,Southgate (Enfield),2,Lives in a communal establishment,145
E05013693,Town (Enfield),1,Lives in a household,13444
E05013693,Town (Enfield),2,Lives in a communal establishment,73
E05013694,Upper Edmonton,1,Lives in a household,16607
E05013694,Upper Edmonton,2,Lives in a communal establishment,117
E05013695,Whitewebbs,1,Lives in a household,13741
E05013695,Whitewebbs,2,Lives in a communal establishment,103
E05013696,Winchmore Hill,1,Lives in a household,10307
E05013696,Winchmore Hill,2,Lives in a communal establishment,91
E05013697,Arsenal,1,Lives in a household,13114
E05013697,Arsenal,2,Lives in a communal establishment,11
E05013698,Barnsbury,1,Lives in a household,11616
E05013698,Barnsbury,2,Lives in a communal establishment,94
E05013699,Bunhill,1,Lives in a household,10291
E05013699,Bunhill,2,Lives in a communal establishment,873
E05013700,Caledonian,1,Lives in a household,11400
E05013700,Caledonian,2,Lives in a communal establishment,180
E05013701,Canonbury,1,Lives in a household,12656
E05013701,Canonbury,2,Lives in a communal establishment,10
E05013702,Clerkenwell,1,Lives in a household,9991
E05013702,Clerkenwell,2,Lives in a communal establishment,963
E05013703,Finsbury Park,1,Lives in a household,14172
E05013703,Finsbury Park,2,Lives in a communal establishment,473
E05013704,Highbury,1,Lives in a household,13708
E05013704,Highbury,2,Lives in a communal establishment,100
E05013705,Hillrise,1,Lives in a household,14841
E05013705,Hillrise,2,Lives in a communal establishment,129
E05013706,Holloway,1,Lives in a household,11845
E05013706,Holloway,2,Lives in a communal establishment,892
E05013707,Junction,1,Lives in a household,12667
E05013707,Junction,2,Lives in a communal establishment,187
E05013708,Laycock,1,Lives in a household,11905
E05013708,Laycock,2,Lives in a communal establishment,537
E05013709,Mildmay,1,Lives in a household,14010
E05013709,Mildmay,2,Lives in a communal establishment,256
E05013710,St Mary's & St James' (Islington),1,Lives in a household,11857
E05013710,St Mary's & St James' (Islington),2,Lives in a communal establishment,31
E05013711,St Peter's & Canalside,1,Lives in a household,11361
E05013711,St Peter's & Canalside,2,Lives in a communal establishment,261
E05013712,Tollington,1,Lives in a household,13699
E05013712,Tollington,2,Lives in a communal establishment,65
E05013713,Tufnell Park,1,Lives in a household,12198
E05013713,Tufnell Park,2,Lives in a communal establishment,196
E05013714,Bellingham (Lewisham),1,Lives in a household,11653
E05013714,Bellingham (Lewisham),2,Lives in a communal establishment,8
E05013715,Blackheath (Lewisham),1,Lives in a household,16304
E05013715,Blackheath (Lewisham),2,Lives in a communal establishment,125
E05013716,Brockley,1,Lives in a household,16865
E05013716,Brockley,2,Lives in a communal establishment,633
E05013717,Catford South,1,Lives in a household,17121
E05013717,Catford South,2,Lives in a communal establishment,137
E05013718,Crofton Park,1,Lives in a household,15421
E05013718,Crofton Park,2,Lives in a communal establishment,6
E05013719,Deptford,1,Lives in a household,16665
E05013719,Deptford,2,Lives in a communal establishment,337
E05013720,Downham,1,Lives in a household,18352
E05013720,Downham,2,Lives in a communal establishment,8
E05013721,Evelyn,1,Lives in a household,14426
E05013721,Evelyn,2,Lives in a communal establishment,9
E05013722,Forest Hill,1,Lives in a household,15123
E05013722,Forest Hill,2,Lives in a communal establishment,50
E05013723,Grove Park,1,Lives in a household,15654
E05013723,Grove Park,2,Lives in a communal establishment,79
E05013724,Hither Green,1,Lives in a household,19806
E05013724,Hither Green,2,Lives in a communal establishment,342
E05013725,Ladywell,1,Lives in a household,15433
E05013725,Ladywell,2,Lives in a communal establishment,143
E05013726,Lee Green,1,Lives in a household,15013
E05013726,Lee Green,2,Lives in a communal establishment,3
E05013727,Lewisham Central,1,Lives in a household,7908
E05013727,Lewisham Central,2,Lives in a communal establishment,291
E05013728,New Cross Gate,1,Lives in a household,11005
E05013728,New Cross Gate,2,Lives in a communal establishment,72
E05013729,Perry Vale,1,Lives in a household,18589
E05013729,Perry Vale,2,Lives in a communal establishment,68
E05013730,Rushey Green,1,Lives in a household,18855
E05013730,Rushey Green,2,Lives in a communal establishment,164
E05013731,Sydenham,1,Lives in a household,16789
E05013731,Sydenham,2,Lives in a communal establishment,186
E05013732,Telegraph Hill,1,Lives in a household,16897
E05013732,Telegraph Hill,2,Lives in a communal establishment,18
E05013733,Addison,1,Lives in a household,7675
E05013733,Addison,2,Lives in a communal establishment,43
E05013734,Avonmore,1,Lives in a household,7400
E05013734,Avonmore,2,Lives in a communal establishment,130
E05013735,Brook Green,1,Lives in a household,8086
E05013735,Brook Green,2,Lives in a communal establishment,164
E05013736,College Park & Old Oak,1,Lives in a household,9048
E05013736,College Park & Old Oak,2,Lives in a communal establishment,936
E05013737,Coningham,1,Lives in a household,10360
E05013737,Coningham,2,Lives in a communal establishment,224
E05013738,Fulham Reach,1,Lives in a household,12031
E05013738,Fulham Reach,2,Lives in a communal establishment,136
E05013739,Fulham Town,1,Lives in a household,7371
E05013739,Fulham Town,2,Lives in a communal establishment,20
E05013740,Grove,1,Lives in a household,7232
E05013740,Grove,2,Lives in a communal establishment,15
E05013741,Hammersmith Broadway,1,Lives in a household,7789
E05013741,Hammersmith Broadway,2,Lives in a communal establishment,61
E05013742,Lillie,1,Lives in a household,6671
E05013742,Lillie,2,Lives in a communal establishment,38
E05013743,Munster,1,Lives in a household,12135
E05013743,Munster,2,Lives in a communal establishment,1
E05013744,Palace & Hurlingham,1,Lives in a household,11171
E05013744,Palace & Hurlingham,2,Lives in a communal establishment,2
E05013745,Parsons Green & Sandford,1,Lives in a household,7703
E05013745,Parsons Green & Sandford,2,Lives in a communal establishment,24
E05013746,Ravenscourt,1,Lives in a household,6547
E05013746,Ravenscourt,2,Lives in a communal establishment,385
E05013747,Sands End,1,Lives in a household,11062
E05013747,Sands End,2,Lives in a communal establishment,67
E05013748,Shepherd's Bush Green,1,Lives in a household,5532
E05013748,Shepherd's Bush Green,2,Lives in a communal establishment,38
E05013749,Walham Green,1,Lives in a household,7936
E05013749,Walham Green,2,Lives in a communal establishment,16
E05013750,Wendell Park,1,Lives in a household,7412
E05013750,Wendell Park,2,Lives in a communal establishment,7
E05013751,West Kensington,1,Lives in a household,9268
E05013751,West Kensington,2,Lives in a communal establishment,40
E05013752,White City,1,Lives in a household,10390
E05013752,White City,2,Lives in a communal establishment,3
E05013753,Wormholt,1,Lives in a household,7768
E05013753,Wormholt,2,Lives in a communal establishment,217
E05013754,Beddington,1,Lives in a household,11062
E05013754,Beddington,2,Lives in a communal establishment,6
E05013755,Belmont (Sutton),1,Lives in a household,11677
E05013755,Belmont (Sutton),2,Lives in a communal establishment,187
E05013756,Carshalton Central,1,Lives in a household,11470
E05013756,Carshalton Central,2,Lives in a communal establishment,68
E05013757,Carshalton South & Clockhouse,1,Lives in a household,9864
E05013757,Carshalton South & Clockhouse,2,Lives in a communal establishment,96
E05013758,Cheam,1,Lives in a household,10698
E05013758,Cheam,2,Lives in a communal establishment,112
E05013759,Hackbridge,1,Lives in a household,6578
E05013759,Hackbridge,2,Lives in a communal establishment,0
E05013760,North Cheam,1,Lives in a household,11159
E05013760,North Cheam,2,Lives in a communal establishment,2
E05013761,St Helier East,1,Lives in a household,8546
E05013761,St Helier East,2,Lives in a communal establishment,10
E05013762,St Helier West,1,Lives in a household,12136
E05013762,St Helier West,2,Lives in a communal establishment,42
E05013763,South Beddington & Roundshaw,1,Lives in a household,10901
E05013763,South Beddington & Roundshaw,2,Lives in a communal establishment,12
E05013764,Stonecot,1,Lives in a household,8224
E05013764,Stonecot,2,Lives in a communal establishment,55
E05013765,Sutton Central,1,Lives in a household,12562
E05013765,Sutton Central,2,Lives in a communal establishment,4
E05013766,Sutton North,1,Lives in a household,11211
E05013766,Sutton North,2,Lives in a communal establishment,85
E05013767,Sutton South,1,Lives in a household,11956
E05013767,Sutton South,2,Lives in a communal establishment,291
E05013768,Sutton West & East Cheam,1,Lives in a household,10862
E05013768,Sutton West & East Cheam,2,Lives in a communal establishment,45
E05013769,The Wrythe,1,Lives in a household,10938
E05013769,The Wrythe,2,Lives in a communal establishment,0
E05013770,Wallington North,1,Lives in a household,12197
E05013770,Wallington North,2,Lives in a communal establishment,39
E05013771,Wallington South,1,Lives in a household,10922
E05013771,Wallington South,2,Lives in a communal establishment,126
E05013772,Worcester Park North,1,Lives in a household,8417
E05013772,Worcester Park North,2,Lives in a communal establishment,7
E05013773,Worcester Park South,1,Lives in a household,7045
E05013773,Worcester Park South,2,Lives in a communal establishment,26
E05013774,Barnes (Richmond upon Thames),1,Lives in a household,10289
E05013774,Barnes (Richmond upon Thames),2,Lives in a communal establishment,135
E05013775,East Sheen,1,Lives in a household,10626
E05013775,East Sheen,2,Lives in a communal establishment,45
E05013776,Fulwell & Hampton Hill,1,Lives in a household,10624
E05013776,Fulwell & Hampton Hill,2,Lives in a communal establishment,98
E05013777,"Ham, Petersham & Richmond Riverside",1,Lives in a household,10801
E05013777,"Ham, Petersham & Richmond Riverside",2,Lives in a communal establishment,28
E05013778,Hampton (Richmond upon Thames),1,Lives in a household,10213
E05013778,Hampton (Richmond upon Thames),2,Lives in a communal establishment,86
E05013779,Hampton North,1,Lives in a household,9704
E05013779,Hampton North,2,Lives in a communal establishment,12
E05013780,Hampton Wick & South Teddington,1,Lives in a household,10659
E05013780,Hampton Wick & South Teddington,2,Lives in a communal establishment,96
E05013781,Heathfield,1,Lives in a household,10378
E05013781,Heathfield,2,Lives in a communal establishment,34
E05013782,Kew (Richmond upon Thames),1,Lives in a household,11744
E05013782,Kew (Richmond upon Thames),2,Lives in a communal establishment,95
E05013783,Mortlake & Barnes Common,1,Lives in a household,12031
E05013783,Mortlake & Barnes Common,2,Lives in a communal establishment,2
E05013784,North Richmond,1,Lives in a household,10626
E05013784,North Richmond,2,Lives in a communal establishment,3
E05013785,St Margarets & North Twickenham,1,Lives in a household,11928
E05013785,St Margarets & North Twickenham,2,Lives in a communal establishment,17
E05013786,South Richmond,1,Lives in a household,10953
E05013786,South Richmond,2,Lives in a communal establishment,128
E05013787,South Twickenham,1,Lives in a household,9908
E05013787,South Twickenham,2,Lives in a communal establishment,721
E05013788,Teddington,1,Lives in a household,10494
E05013788,Teddington,2,Lives in a communal establishment,68
E05013789,Twickenham Riverside,1,Lives in a household,10812
E05013789,Twickenham Riverside,2,Lives in a communal establishment,180
E05013790,West Twickenham,1,Lives in a household,11270
E05013790,West Twickenham,2,Lives in a communal establishment,38
E05013791,Whitton (Richmond upon Thames),1,Lives in a household,10360
E05013791,Whitton (Richmond upon Thames),2,Lives in a communal establishment,77
E05013792,Abbey Road,1,Lives in a household,13043
E05013792,Abbey Road,2,Lives in a communal establishment,0
E05013793,Bayswater,1,Lives in a household,12205
E05013793,Bayswater,2,Lives in a communal establishment,161
E05013794,Church Street,1,Lives in a household,11592
E05013794,Church Street,2,Lives in a communal establishment,78
E05013795,Harrow Road,1,Lives in a household,11379
E05013795,Harrow Road,2,Lives in a communal establishment,2
E05013796,Hyde Park,1,Lives in a household,9858
E05013796,Hyde Park,2,Lives in a communal establishment,463
E05013797,Knightsbridge & Belgravia,1,Lives in a household,10066
E05013797,Knightsbridge & Belgravia,2,Lives in a communal establishment,962
E05013798,Lancaster Gate,1,Lives in a household,10657
E05013798,Lancaster Gate,2,Lives in a communal establishment,293
E05013799,Little Venice,1,Lives in a household,10359
E05013799,Little Venice,2,Lives in a communal establishment,7
E05013800,Maida Vale,1,Lives in a household,11638
E05013800,Maida Vale,2,Lives in a communal establishment,22
E05013801,Marylebone,1,Lives in a household,11873
E05013801,Marylebone,2,Lives in a communal establishment,284
E05013802,Pimlico North,1,Lives in a household,10186
E05013802,Pimlico North,2,Lives in a communal establishment,131
E05013803,Pimlico South,1,Lives in a household,10658
E05013803,Pimlico South,2,Lives in a communal establishment,34
E05013804,Queen's Park (Westminster),1,Lives in a household,12749
E05013804,Queen's Park (Westminster),2,Lives in a communal establishment,7
E05013805,Regent's Park (Westminster),1,Lives in a household,11565
E05013805,Regent's Park (Westminster),2,Lives in a communal establishment,46
E05013806,St James's (Westminster),1,Lives in a household,9364
E05013806,St James's (Westminster),2,Lives in a communal establishment,997
E05013807,Vincent Square,1,Lives in a household,10080
E05013807,Vincent Square,2,Lives in a communal establishment,247
E05013808,West End (Westminster),1,Lives in a household,11244
E05013808,West End (Westminster),2,Lives in a communal establishment,299
E05013809,Westbourne (Westminster),1,Lives in a household,11428
E05013809,Westbourne (Westminster),2,Lives in a communal establishment,257
E05013810,Abbey (Merton),1,Lives in a household,10508
E05013810,Abbey (Merton),2,Lives in a communal establishment,26
E05013811,Cannon Hill,1,Lives in a household,9791
E05013811,Cannon Hill,2,Lives in a communal establishment,0
E05013812,Colliers Wood,1,Lives in a household,11397
E05013812,Colliers Wood,2,Lives in a communal establishment,164
E05013813,Cricket Green,1,Lives in a household,11572
E05013813,Cricket Green,2,Lives in a communal establishment,144
E05013814,Figge's Marsh,1,Lives in a household,11804
E05013814,Figge's Marsh,2,Lives in a communal establishment,5
E05013815,Graveney,1,Lives in a household,11820
E05013815,Graveney,2,Lives in a communal establishment,15
E05013816,Hillside (Merton),1,Lives in a household,8182
E05013816,Hillside (Merton),2,Lives in a communal establishment,60
E05013817,Lavender Fields,1,Lives in a household,11363
E05013817,Lavender Fields,2,Lives in a communal establishment,6
E05013818,Longthornton,1,Lives in a household,11815
E05013818,Longthornton,2,Lives in a communal establishment,88
E05013819,Lower Morden,1,Lives in a household,11266
E05013819,Lower Morden,2,Lives in a communal establishment,75
E05013820,Merton Park,1,Lives in a household,8286
E05013820,Merton Park,2,Lives in a communal establishment,8
E05013821,Pollards Hill,1,Lives in a household,11626
E05013821,Pollards Hill,2,Lives in a communal establishment,20
E05013822,Ravensbury,1,Lives in a household,9408
E05013822,Ravensbury,2,Lives in a communal establishment,72
E05013823,Raynes Park,1,Lives in a household,12254
E05013823,Raynes Park,2,Lives in a communal establishment,47
E05013824,St Helier,1,Lives in a household,11299
E05013824,St Helier,2,Lives in a communal establishment,12
E05013825,Village (Merton),1,Lives in a household,11636
E05013825,Village (Merton),2,Lives in a communal establishment,168
E05013826,Wandle (Merton),1,Lives in a household,5603
E05013826,Wandle (Merton),2,Lives in a communal establishment,0
E05013827,West Barnes,1,Lives in a household,10547
E05013827,West Barnes,2,Lives in a communal establishment,63
E05013828,Wimbledon Park,1,Lives in a household,11054
E05013828,Wimbledon Park,2,Lives in a communal establishment,17
E05013829,Wimbledon Town & Dundonald,1,Lives in a household,12883
E05013829,Wimbledon Town & Dundonald,2,Lives in a communal establishment,83
E05013882,Cann Hall (Waltham Forest),1,Lives in a household,16279
E05013882,Cann Hall (Waltham Forest),2,Lives in a communal establishment,40
E05013883,Cathall,1,Lives in a household,10424
E05013883,Cathall,2,Lives in a communal establishment,58
E05013884,Chapel End,1,Lives in a household,13614
E05013884,Chapel End,2,Lives in a communal establishment,0
E05013885,Chingford Green,1,Lives in a household,11285
E05013885,Chingford Green,2,Lives in a communal establishment,117
E05013886,Endlebury,1,Lives in a household,9322
E05013886,Endlebury,2,Lives in a communal establishment,0
E05013887,Forest (Waltham Forest),1,Lives in a household,17234
E05013887,Forest (Waltham Forest),2,Lives in a communal establishment,22
E05013888,Grove Green,1,Lives in a household,14731
E05013888,Grove Green,2,Lives in a communal establishment,15
E05013889,Hale End & Highams Park South,1,Lives in a household,9815
E05013889,Hale End & Highams Park South,2,Lives in a communal establishment,3
E05013890,Hatch Lane & Highams Park North,1,Lives in a household,12819
E05013890,Hatch Lane & Highams Park North,2,Lives in a communal establishment,132
E05013891,High Street (Waltham Forest),1,Lives in a household,11549
E05013891,High Street (Waltham Forest),2,Lives in a communal establishment,15
E05013892,Higham Hill,1,Lives in a household,14311
E05013892,Higham Hill,2,Lives in a communal establishment,1
E05013893,Hoe Street,1,Lives in a household,14037
E05013893,Hoe Street,2,Lives in a communal establishment,239
E05013894,Larkswood,1,Lives in a household,13474
E05013894,Larkswood,2,Lives in a communal establishment,62
E05013895,Lea Bridge (Waltham Forest),1,Lives in a household,15215
E05013895,Lea Bridge (Waltham Forest),2,Lives in a communal establishment,308
E05013896,Leyton,1,Lives in a household,13068
E05013896,Leyton,2,Lives in a communal establishment,46
E05013897,Leytonstone,1,Lives in a household,12057
E05013897,Leytonstone,2,Lives in a communal establishment,181
E05013898,Markhouse,1,Lives in a household,9222
E05013898,Markhouse,2,Lives in a communal establishment,52
E05013899,St James (Waltham Forest),1,Lives in a household,11407
E05013899,St James (Waltham Forest),2,Lives in a communal establishment,340
E05013900,Upper Walthamstow,1,Lives in a household,8171
E05013900,Upper Walthamstow,2,Lives in a communal establishment,24
E05013901,Valley (Waltham Forest),1,Lives in a household,14057
E05013901,Valley (Waltham Forest),2,Lives in a communal establishment,27
E05013902,William Morris,1,Lives in a household,15055
E05013902,William Morris,2,Lives in a communal establishment,4
E05013903,Wood Street,1,Lives in a household,9540
E05013903,Wood Street,2,Lives in a communal establishment,54
E05013904,Beckton,1,Lives in a household,15529
E05013904,Beckton,2,Lives in a communal establishment,623
E05013905,Boleyn,1,Lives in a household,15106
E05013905,Boleyn,2,Lives in a communal establishment,1
E05013906,Canning Town North,1,Lives in a household,10492
E05013906,Canning Town North,2,Lives in a communal establishment,81
E05013907,Canning Town South,1,Lives in a household,7096
E05013907,Canning Town South,2,Lives in a communal establishment,25
E05013908,Custom House,1,Lives in a household,17578
E05013908,Custom House,2,Lives in a communal establishment,80
E05013909,East Ham,1,Lives in a household,15129
E05013909,East Ham,2,Lives in a communal establishment,0
E05013910,East Ham South,1,Lives in a household,18411
E05013910,East Ham South,2,Lives in a communal establishment,105
E05013911,Forest Gate North,1,Lives in a household,10982
E05013911,Forest Gate North,2,Lives in a communal establishment,5
E05013912,Forest Gate South,1,Lives in a household,17612
E05013912,Forest Gate South,2,Lives in a communal establishment,162
E05013913,Green Street East,1,Lives in a household,16965
E05013913,Green Street East,2,Lives in a communal establishment,8
E05013914,Green Street West,1,Lives in a household,15753
E05013914,Green Street West,2,Lives in a communal establishment,37
E05013915,Little Ilford,1,Lives in a household,17493
E05013915,Little Ilford,2,Lives in a communal establishment,54
E05013916,Manor Park (Newham),1,Lives in a household,15765
E05013916,Manor Park (Newham),2,Lives in a communal establishment,67
E05013917,Maryland,1,Lives in a household,12434
E05013917,Maryland,2,Lives in a communal establishment,21
E05013918,Plaistow North,1,Lives in a household,18288
E05013918,Plaistow North,2,Lives in a communal establishment,2
E05013919,Plaistow South,1,Lives in a household,13165
E05013919,Plaistow South,2,Lives in a communal establishment,8
E05013920,Plaistow West & Canning Town East,1,Lives in a household,16654
E05013920,Plaistow West & Canning Town East,2,Lives in a communal establishment,42
E05013921,Plashet,1,Lives in a household,11600
E05013921,Plashet,2,Lives in a communal establishment,17
E05013922,Royal Albert,1,Lives in a household,9282
E05013922,Royal Albert,2,Lives in a communal establishment,24
E05013923,Royal Victoria,1,Lives in a household,14538
E05013923,Royal Victoria,2,Lives in a communal establishment,0
E05013924,Stratford,1,Lives in a household,15305
E05013924,Stratford,2,Lives in a communal establishment,437
E05013925,Stratford Olympic Park,1,Lives in a household,11090
E05013925,Stratford Olympic Park,2,Lives in a communal establishment,772
E05013926,Wall End,1,Lives in a household,16492
E05013926,Wall End,2,Lives in a communal establishment,8
E05013927,West Ham,1,Lives in a household,15657
E05013927,West Ham,2,Lives in a communal establishment,43
E05013928,Alexandra (Kingston upon Thames),1,Lives in a household,6382
E05013928,Alexandra (Kingston upon Thames),2,Lives in a communal establishment,31
E05013929,Berrylands,1,Lives in a household,6104
E05013929,Berrylands,2,Lives in a communal establishment,8
E05013930,Canbury Gardens,1,Lives in a household,8261
E05013930,Canbury Gardens,2,Lives in a communal establishment,0
E05013931,Chessington South & Malden Rushett,1,Lives in a household,9458
E05013931,Chessington South & Malden Rushett,2,Lives in a communal establishment,30
E05013932,Coombe Hill,1,Lives in a household,7100
E05013932,Coombe Hill,2,Lives in a communal establishment,319
E05013933,Coombe Vale,1,Lives in a household,10394
E05013933,Coombe Vale,2,Lives in a communal establishment,62
E05013934,Green Lane & St James,1,Lives in a household,6646
E05013934,Green Lane & St James,2,Lives in a communal establishment,405
E05013935,Hook & Chessington North,1,Lives in a household,11085
E05013935,Hook & Chessington North,2,Lives in a communal establishment,26
E05013936,King George's & Sunray,1,Lives in a household,5605
E05013936,King George's & Sunray,2,Lives in a communal establishment,0
E05013937,Kingston Gate,1,Lives in a household,10823
E05013937,Kingston Gate,2,Lives in a communal establishment,2
E05013938,Kingston Town,1,Lives in a household,9481
E05013938,Kingston Town,2,Lives in a communal establishment,808
E05013939,Motspur Park & Old Malden East,1,Lives in a household,6893
E05013939,Motspur Park & Old Malden East,2,Lives in a communal establishment,98
E05013940,New Malden Village,1,Lives in a household,9489
E05013940,New Malden Village,2,Lives in a communal establishment,94
E05013941,Norbiton,1,Lives in a household,10870
E05013941,Norbiton,2,Lives in a communal establishment,317
E05013942,Old Malden,1,Lives in a household,6687
E05013942,Old Malden,2,Lives in a communal establishment,8
E05013943,St Mark's & Seething Wells,1,Lives in a household,10934
E05013943,St Mark's & Seething Wells,2,Lives in a communal establishment,875
E05013944,Surbiton Hill,1,Lives in a household,10347
E05013944,Surbiton Hill,2,Lives in a communal establishment,289
E05013945,Tolworth,1,Lives in a household,11186
E05013945,Tolworth,2,Lives in a communal establishment,2
E05013946,Tudor (Kingston upon Thames),1,Lives in a household,6944
E05013946,Tudor (Kingston upon Thames),2,Lives in a communal establishment,0
E05013967,Beam Park,1,Lives in a household,4883
E05013967,Beam Park,2,Lives in a communal establishment,0
E05013968,Cranham,1,Lives in a household,12967
E05013968,Cranham,2,Lives in a communal establishment,20
E05013969,Elm Park,1,Lives in a household,16646
E05013969,Elm Park,2,Lives in a communal establishment,0
E05013970,Emerson Park,1,Lives in a household,9474
E05013970,Emerson Park,2,Lives in a communal establishment,61
E05013971,Gooshays,1,Lives in a household,17686
E05013971,Gooshays,2,Lives in a communal establishment,94
E05013972,Hacton,1,Lives in a household,8455
E05013972,Hacton,2,Lives in a communal establishment,34
E05013973,Harold Wood,1,Lives in a household,13704
E05013973,Harold Wood,2,Lives in a communal establishment,103
E05013974,Havering-atte-Bower,1,Lives in a household,16139
E05013974,Havering-atte-Bower,2,Lives in a communal establishment,236
E05013975,Heaton (Havering),1,Lives in a household,17131
E05013975,Heaton (Havering),2,Lives in a communal establishment,80
E05013976,Hylands & Harrow Lodge,1,Lives in a household,13737
E05013976,Hylands & Harrow Lodge,2,Lives in a communal establishment,21
E05013977,Marshalls & Rise Park,1,Lives in a household,12880
E05013977,Marshalls & Rise Park,2,Lives in a communal establishment,72
E05013978,Mawneys,1,Lives in a household,14450
E05013978,Mawneys,2,Lives in a communal establishment,31
E05013979,Rainham & Wennington,1,Lives in a household,13538
E05013979,Rainham & Wennington,2,Lives in a communal establishment,29
E05013980,Rush Green & Crowlands,1,Lives in a household,15855
E05013980,Rush Green & Crowlands,2,Lives in a communal establishment,167
E05013981,St Alban's,1,Lives in a household,8667
E05013981,St Alban's,2,Lives in a communal establishment,71
E05013982,St Andrew's (Havering),1,Lives in a household,14569
E05013982,St Andrew's (Havering),2,Lives in a communal establishment,83
E05013983,St Edward's,1,Lives in a household,10282
E05013983,St Edward's,2,Lives in a communal establishment,141
E05013984,South Hornchurch,1,Lives in a household,10841
E05013984,South Hornchurch,2,Lives in a communal establishment,44
E05013985,Squirrels Heath,1,Lives in a household,15456
E05013985,Squirrels Heath,2,Lives in a communal establishment,58
E05013986,Upminster,1,Lives in a household,13193
E05013986,Upminster,2,Lives in a communal establishment,154
E05013987,Beckenham Town & Copers Cope,1,Lives in a household,16261
E05013987,Beckenham Town & Copers Cope,2,Lives in a communal establishment,102
E05013988,Bickley & Sundridge,1,Lives in a household,17418
E05013988,Bickley & Sundridge,2,Lives in a communal establishment,346
E05013989,Biggin Hill,1,Lives in a household,10817
E05013989,Biggin Hill,2,Lives in a communal establishment,0
E05013990,Bromley Common & Holwood,1,Lives in a household,18770
E05013990,Bromley Common & Holwood,2,Lives in a communal establishment,10
E05013991,Bromley Town,1,Lives in a household,15285
E05013991,Bromley Town,2,Lives in a communal establishment,115
E05013992,Chelsfield,1,Lives in a household,11192
E05013992,Chelsfield,2,Lives in a communal establishment,42
E05013993,Chislehurst,1,Lives in a household,15120
E05013993,Chislehurst,2,Lives in a communal establishment,450
E05013994,Clock House,1,Lives in a household,17255
E05013994,Clock House,2,Lives in a communal establishment,104
E05013995,Crystal Palace & Anerley,1,Lives in a household,11883
E05013995,Crystal Palace & Anerley,2,Lives in a communal establishment,146
E05013996,Darwin,1,Lives in a household,5709
E05013996,Darwin,2,Lives in a communal establishment,63
E05013997,Farnborough & Crofton,1,Lives in a household,17682
E05013997,Farnborough & Crofton,2,Lives in a communal establishment,21
E05013998,Hayes & Coney Hall,1,Lives in a household,15831
E05013998,Hayes & Coney Hall,2,Lives in a communal establishment,77
E05013999,Kelsey & Eden Park,1,Lives in a household,15367
E05013999,Kelsey & Eden Park,2,Lives in a communal establishment,98
E05014000,Mottingham,1,Lives in a household,11460
E05014000,Mottingham,2,Lives in a communal establishment,28
E05014001,Orpington,1,Lives in a household,11952
E05014001,Orpington,2,Lives in a communal establishment,8
E05014002,Penge & Cator,1,Lives in a household,18879
E05014002,Penge & Cator,2,Lives in a communal establishment,29
E05014003,Petts Wood & Knoll,1,Lives in a household,17260
E05014003,Petts Wood & Knoll,2,Lives in a communal establishment,0
E05014004,Plaistow,1,Lives in a household,13426
E05014004,Plaistow,2,Lives in a communal establishment,52
E05014005,Shortlands & Park Langley,1,Lives in a household,16196
E05014005,Shortlands & Park Langley,2,Lives in a communal establishment,14
E05014006,St Mary Cray,1,Lives in a household,18430
E05014006,St Mary Cray,2,Lives in a communal establishment,6
E05014007,St Paul's Cray,1,Lives in a household,17295
E05014007,St Paul's Cray,2,Lives in a communal establishment,18
E05014008,West Wickham,1,Lives in a household,14712
E05014008,West Wickham,2,Lives in a communal establishment,56
E05014009,Balham,1,Lives in a household,17532
E05014009,Balham,2,Lives in a communal establishment,175
E05014010,Battersea Park,1,Lives in a household,18993
E05014010,Battersea Park,2,Lives in a communal establishment,183
E05014011,East Putney,1,Lives in a household,16875
E05014011,East Putney,2,Lives in a communal establishment,43
E05014012,Falconbrook,1,Lives in a household,11625
E05014012,Falconbrook,2,Lives in a communal establishment,357
E05014013,Furzedown,1,Lives in a household,17770
E05014013,Furzedown,2,Lives in a communal establishment,283
E05014014,Lavender,1,Lives in a household,13450
E05014014,Lavender,2,Lives in a communal establishment,2
E05014015,Nine Elms,1,Lives in a household,5397
E05014015,Nine Elms,2,Lives in a communal establishment,0
E05014016,Northcote,1,Lives in a household,12861
E05014016,Northcote,2,Lives in a communal establishment,1
E05014017,Roehampton,1,Lives in a household,17382
E05014017,Roehampton,2,Lives in a communal establishment,1464
E05014018,St Mary's (Wandsworth),1,Lives in a household,14116
E05014018,St Mary's (Wandsworth),2,Lives in a communal establishment,67
E05014019,Shaftesbury & Queenstown,1,Lives in a household,15179
E05014019,Shaftesbury & Queenstown,2,Lives in a communal establishment,2
E05014020,South Balham,1,Lives in a household,9824
E05014020,South Balham,2,Lives in a communal establishment,4
E05014021,Southfields,1,Lives in a household,12657
E05014021,Southfields,2,Lives in a communal establishment,2
E05014022,Thamesfield,1,Lives in a household,16704
E05014022,Thamesfield,2,Lives in a communal establishment,13
E05014023,Tooting Bec,1,Lives in a household,16969
E05014023,Tooting Bec,2,Lives in a communal establishment,59
E05014024,Tooting Broadway,1,Lives in a household,17181
E05014024,Tooting Broadway,2,Lives in a communal establishment,37
E05014025,Trinity (Wandsworth),1,Lives in a household,10983
E05014025,Trinity (Wandsworth),2,Lives in a communal establishment,200
E05014026,Wandle (Wandsworth),1,Lives in a household,10579
E05014026,Wandle (Wandsworth),2,Lives in a communal establishment,6
E05014027,Wandsworth Common,1,Lives in a household,15453
E05014027,Wandsworth Common,2,Lives in a communal establishment,1140
E05014028,Wandsworth Town,1,Lives in a household,18168
E05014028,Wandsworth Town,2,Lives in a communal establishment,44
E05014029,West Hill (Wandsworth),1,Lives in a household,16485
E05014029,West Hill (Wandsworth),2,Lives in a communal establishment,330
E05014030,West Putney,1,Lives in a household,16814
E05014030,West Putney,2,Lives in a communal establishment,94
E05014053,Abbey (Barking and Dagenham),1,Lives in a household,3955
E05014053,Abbey (Barking and Dagenham),2,Lives in a communal establishment,0
E05014054,Alibon,1,Lives in a household,9959
E05014054,Alibon,2,Lives in a communal establishment,72
E05014055,Barking Riverside,1,Lives in a household,9954
E05014055,Barking Riverside,2,Lives in a communal establishment,1
E05014056,Beam,1,Lives in a household,8512
E05014056,Beam,2,Lives in a communal establishment,98
E05014057,Becontree,1,Lives in a household,9738
E05014057,Becontree,2,Lives in a communal establishment,61
E05014058,Chadwell Heath,1,Lives in a household,14028
E05014058,Chadwell Heath,2,Lives in a communal establishment,58
E05014059,Eastbrook & Rush Green,1,Lives in a household,8478
E05014059,Eastbrook & Rush Green,2,Lives in a communal establishment,171
E05014060,Eastbury,1,Lives in a household,15594
E05014060,Eastbury,2,Lives in a communal establishment,6
E05014061,Gascoigne,1,Lives in a household,10803
E05014061,Gascoigne,2,Lives in a communal establishment,28
E05014062,Goresbrook,1,Lives in a household,12967
E05014062,Goresbrook,2,Lives in a communal establishment,103
E05014063,Heath (Barking and Dagenham),1,Lives in a household,8884
E05014063,Heath (Barking and Dagenham),2,Lives in a communal establishment,110
E05014064,Longbridge,1,Lives in a household,13289
E05014064,Longbridge,2,Lives in a communal establishment,17
E05014065,Mayesbrook,1,Lives in a household,15919
E05014065,Mayesbrook,2,Lives in a communal establishment,3
E05014066,Northbury,1,Lives in a household,13041
E05014066,Northbury,2,Lives in a communal establishment,39
E05014067,Parsloes,1,Lives in a household,15238
E05014067,Parsloes,2,Lives in a communal establishment,13
E05014068,Thames View,1,Lives in a household,5909
E05014068,Thames View,2,Lives in a communal establishment,96
E05014069,Valence,1,Lives in a household,15481
E05014069,Valence,2,Lives in a communal establishment,0
E05014070,Village (Barking and Dagenham),1,Lives in a household,12505
E05014070,Village (Barking and Dagenham),2,Lives in a communal establishment,35
E05014071,Whalebone,1,Lives in a household,13695
E05014071,Whalebone,2,Lives in a communal establishment,11
E05014072,Abbey Wood,1,Lives in a household,17554
E05014072,Abbey Wood,2,Lives in a communal establishment,133
E05014073,Blackheath Westcombe,1,Lives in a household,14902
E05014073,Blackheath Westcombe,2,Lives in a communal establishment,133
E05014074,Charlton Hornfair,1,Lives in a household,12288
E05014074,Charlton Hornfair,2,Lives in a communal establishment,20
E05014075,Charlton Village & Riverside,1,Lives in a household,10446
E05014075,Charlton Village & Riverside,2,Lives in a communal establishment,70
E05014076,East Greenwich,1,Lives in a household,14467
E05014076,East Greenwich,2,Lives in a communal establishment,13
E05014077,Eltham Page,1,Lives in a household,9753
E05014077,Eltham Page,2,Lives in a communal establishment,0
E05014078,Eltham Park & Progress,1,Lives in a household,10766
E05014078,Eltham Park & Progress,2,Lives in a communal establishment,0
E05014079,Eltham Town & Avery Hill,1,Lives in a household,14936
E05014079,Eltham Town & Avery Hill,2,Lives in a communal establishment,599
E05014080,Greenwich Creekside,1,Lives in a household,10305
E05014080,Greenwich Creekside,2,Lives in a communal establishment,695
E05014081,Greenwich Park,1,Lives in a household,10128
E05014081,Greenwich Park,2,Lives in a communal establishment,426
E05014082,Greenwich Peninsula,1,Lives in a household,11201
E05014082,Greenwich Peninsula,2,Lives in a communal establishment,216
E05014083,Kidbrooke Park,1,Lives in a household,10030
E05014083,Kidbrooke Park,2,Lives in a communal establishment,59
E05014084,Kidbrooke Village & Sutcliffe,1,Lives in a household,6045
E05014084,Kidbrooke Village & Sutcliffe,2,Lives in a communal establishment,62
E05014085,Middle Park & Horn Park,1,Lives in a household,9478
E05014085,Middle Park & Horn Park,2,Lives in a communal establishment,39
E05014086,"Mottingham, Coldharbour & New Eltham",1,Lives in a household,14455
E05014086,"Mottingham, Coldharbour & New Eltham",2,Lives in a communal establishment,77
E05014087,Plumstead & Glyndon,1,Lives in a household,21902
E05014087,Plumstead & Glyndon,2,Lives in a communal establishment,70
E05014088,Plumstead Common,1,Lives in a household,15089
E05014088,Plumstead Common,2,Lives in a communal establishment,82
E05014089,Shooters Hill,1,Lives in a household,11810
E05014089,Shooters Hill,2,Lives in a communal establishment,81
E05014090,Thamesmead Moorings,1,Lives in a household,12375
E05014090,Thamesmead Moorings,2,Lives in a communal establishment,77
E05014091,West Thamesmead,1,Lives in a household,10469
E05014091,West Thamesmead,2,Lives in a communal establishment,1346
E05014092,Woolwich Arsenal,1,Lives in a household,12096
E05014092,Woolwich Arsenal,2,Lives in a communal establishment,4
E05014093,Woolwich Common,1,Lives in a household,12548
E05014093,Woolwich Common,2,Lives in a communal establishment,140
E05014094,Woolwich Dockyard,1,Lives in a household,11610
E05014094,Woolwich Dockyard,2,Lives in a communal establishment,78
E05014095,Brixton Acre Lane,1,Lives in a household,14483
E05014095,Brixton Acre Lane,2,Lives in a communal establishment,768
E05014096,Brixton North,1,Lives in a household,16051
E05014096,Brixton North,2,Lives in a communal establishment,273
E05014097,Brixton Rush Common,1,Lives in a household,14909
E05014097,Brixton Rush Common,2,Lives in a communal establishment,20
E05014098,Brixton Windrush,1,Lives in a household,9467
E05014098,Brixton Windrush,2,Lives in a communal establishment,15
E05014099,Clapham Common & Abbeville,1,Lives in a household,9984
E05014099,Clapham Common & Abbeville,2,Lives in a communal establishment,33
E05014100,Clapham East,1,Lives in a household,9766
E05014100,Clapham East,2,Lives in a communal establishment,79
E05014101,Clapham Park,1,Lives in a household,12704
E05014101,Clapham Park,2,Lives in a communal establishment,7
E05014102,Clapham Town,1,Lives in a household,15841
E05014102,Clapham Town,2,Lives in a communal establishment,63
E05014103,Gipsy Hill,1,Lives in a household,10251
E05014103,Gipsy Hill,2,Lives in a communal establishment,6
E05014104,Herne Hill & Loughborough Junction,1,Lives in a household,15992
E05014104,Herne Hill & Loughborough Junction,2,Lives in a communal establishment,164
E05014105,Kennington (Lambeth),1,Lives in a household,14540
E05014105,Kennington (Lambeth),2,Lives in a communal establishment,63
E05014106,Knight's Hill,1,Lives in a household,16781
E05014106,Knight's Hill,2,Lives in a communal establishment,126
E05014107,Myatt's Fields,1,Lives in a household,10869
E05014107,Myatt's Fields,2,Lives in a communal establishment,64
E05014108,Oval,1,Lives in a household,12075
E05014108,Oval,2,Lives in a communal establishment,366
E05014109,St Martin's (Lambeth),1,Lives in a household,10840
E05014109,St Martin's (Lambeth),2,Lives in a communal establishment,4
E05014110,Stockwell East,1,Lives in a household,10686
E05014110,Stockwell East,2,Lives in a communal establishment,59
E05014111,Stockwell West & Larkhall,1,Lives in a household,16281
E05014111,Stockwell West & Larkhall,2,Lives in a communal establishment,51
E05014112,Streatham Common & Vale,1,Lives in a household,17482
E05014112,Streatham Common & Vale,2,Lives in a communal establishment,177
E05014113,Streatham Hill East,1,Lives in a household,9751
E05014113,Streatham Hill East,2,Lives in a communal establishment,126
E05014114,Streatham Hill West & Thornton,1,Lives in a household,10880
E05014114,Streatham Hill West & Thornton,2,Lives in a communal establishment,9
E05014115,Streatham St Leonard's,1,Lives in a household,15570
E05014115,Streatham St Leonard's,2,Lives in a communal establishment,245
E05014116,Streatham Wells,1,Lives in a household,9611
E05014116,Streatham Wells,2,Lives in a communal establishment,146
E05014117,Vauxhall (Lambeth),1,Lives in a household,9367
E05014117,Vauxhall (Lambeth),2,Lives in a communal establishment,366
E05014118,Waterloo & South Bank,1,Lives in a household,7718
E05014118,Waterloo & South Bank,2,Lives in a communal establishment,1140
E05014119,West Dulwich,1,Lives in a household,11365
E05014119,West Dulwich,2,Lives in a communal establishment,19
E09000001,City of London,1,Lives in a household,8373
E09000001,City of London,2,Lives in a communal establishment,210