Electoral wards and divisions Code,Electoral wards and divisions,Sex (2 categories) Code,Sex (2 categories),Observation
E05009317,Bethnal Green,1,Female,10738
E05009317,Bethnal Green,2,Male,10352
E05009318,Blackwall & Cubitt Town,1,Female,10396
E05009318,Blackwall & Cubitt Town,2,Male,11030
E05009319,Bow East,1,Female,10004
E05009319,Bow East,2,Male,9522
E05009320,Bow West,1,Female,6915
E05009320,Bow West,2,Male,6796
E05009321,Bromley North,1,Female,5767
E05009321,Bromley North,2,Male,5935
E05009322,Bromley South,1,Female,7160
E05009322,Bromley South,2,Male,6804
E05009323,Canary Wharf,1,Female,8951
E05009323,Canary Wharf,2,Male,9025
E05009324,Island Gardens,1,Female,7757
E05009324,Island Gardens,2,Male,7547
E05009325,Lansbury,1,Female,10824
E05009325,Lansbury,2,Male,10882
E05009326,Limehouse,1,Female,2973
E05009326,Limehouse,2,Male,3580
E05009327,Mile End (Tower Hamlets),1,Female,10664
E05009327,Mile End (Tower Hamlets),2,Male,10985
E05009328,Poplar (Tower Hamlets),1,Female,3977
E05009328,Poplar (Tower Hamlets),2,Male,4092
E05009329,St Dunstan's,1,Female,7532
E05009329,St Dunstan's,2,Male,7212
E05009330,St Katharine's & Wapping,1,Female,5688
E05009330,St Katharine's & Wapping,2,Male,6273
E05009331,St Peter's (Tower Hamlets),1,Female,10033
E05009331,St Peter's (Tower Hamlets),2,Male,9746
E05009332,Shadwell,1,Female,6585
E05009332,Shadwell,2,Male,6694
E05009333,Spitalfields & Banglatown,1,Female,6461
E05009333,Spitalfields & Banglatown,2,Male,6879
E05009334,Stepney Green,1,Female,6094
E05009334,Stepney Green,2,Male,6248
E05009335,Weavers,1,Female,6689
E05009335,Weavers,2,Male,6650
E05009336,Whitechapel,1,Female,9225
E05009336,Whitechapel,2,Male,9616
E05009367,Brownswood,1,Female,4721
E05009367,Brownswood,2,Male,4292
E05009368,Cazenove,1,Female,7940
E05009368,Cazenove,2,Male,7392
E05009369,Clissold,1,Female,6723
E05009369,Clissold,2,Male,5858
E05009370,Dalston,1,Female,4478
E05009370,Dalston,2,Male,4402
E05009371,De Beauvoir,1,Female,4757
E05009371,De Beauvoir,2,Male,4438
E05009372,Hackney Central,1,Female,6704
E05009372,Hackney Central,2,Male,6015
E05009373,Hackney Downs,1,Female,6854
E05009373,Hackney Downs,2,Male,6144
E05009374,Hackney Wick,1,Female,6354
E05009374,Hackney Wick,2,Male,5954
E05009375,Haggerston,1,Female,7474
E05009375,Haggerston,2,Male,6935
E05009376,Homerton,1,Female,7401
E05009376,Homerton,2,Male,6483
E05009377,Hoxton East & Shoreditch,1,Female,6019
E05009377,Hoxton East & Shoreditch,2,Male,5749
E05009378,Hoxton West,1,Female,7101
E05009378,Hoxton West,2,Male,6651
E05009379,King's Park,1,Female,6931
E05009379,King's Park,2,Male,6130
E05009380,Lea Bridge (Hackney),1,Female,7435
E05009380,Lea Bridge (Hackney),2,Male,6690
E05009381,London Fields,1,Female,6555
E05009381,London Fields,2,Male,6127
E05009382,Shacklewell,1,Female,4745
E05009382,Shacklewell,2,Male,4382
E05009383,Springfield,1,Female,8026
E05009383,Springfield,2,Male,7293
E05009384,Stamford Hill West,1,Female,5313
E05009384,Stamford Hill West,2,Male,5031
E05009385,Stoke Newington,1,Female,7064
E05009385,Stoke Newington,2,Male,6318
E05009386,Victoria (Hackney),1,Female,6444
E05009386,Victoria (Hackney),2,Male,5711
E05009387,Woodberry Down,1,Female,6262
E05009387,Woodberry Down,2,Male,5851
E05009388,Abingdon,1,Female,4185
E05009388,Abingdon,2,Male,3709
E05009389,Brompton & Hans Town,1,Female,4168
E05009389,Brompton & Hans Town,2,Male,3621
E05009390,Campden,1,Female,4509
E05009390,Campden,2,Male,4115
E05009391,Chelsea Riverside,1,Female,4170
E05009391,Chelsea Riverside,2,Male,3463
E05009392,Colville,1,Female,4541
E05009392,Colville,2,Male,4033
E05009393,Courtfield,1,Female,4285
E05009393,Courtfield,2,Male,4047
E05009394,Dalgarno,1,Female,3833
E05009394,Dalgarno,2,Male,3379
E05009395,Earl's Court,1,Female,4588
E05009395,Earl's Court,2,Male,4349
E05009396,Golborne,1,Female,4577
E05009396,Golborne,2,Male,4226
E05009397,Holland,1,Female,4995
E05009397,Holland,2,Male,4107
E05009398,Norland,1,Female,3054
E05009398,Norland,2,Male,2647
E05009399,Notting Dale,1,Female,4697
E05009399,Notting Dale,2,Male,4442
E05009400,Pembridge,1,Female,2968
E05009400,Pembridge,2,Male,2411
E05009401,Queen's Gate,1,Female,4196
E05009401,Queen's Gate,2,Male,3710
E05009402,Redcliffe,1,Female,4732
E05009402,Redcliffe,2,Male,4462
E05009403,Royal Hospital,1,Female,4688
E05009403,Royal Hospital,2,Male,3729
E05009404,St. Helen's (Kensington and Chelsea),1,Female,3298
E05009404,St. Helen's (Kensington and Chelsea),2,Male,2860
E05009405,Stanley (Kensington and Chelsea),1,Female,4828
E05009405,Stanley (Kensington and Chelsea),2,Male,3753
E05011095,Borough & Bankside,1,Female,4516
E05011095,Borough & Bankside,2,Male,4497
E05011096,Camberwell Green,1,Female,7981
E05011096,Camberwell Green,2,Male,7528
E05011097,Champion Hill,1,Female,4852
E05011097,Champion Hill,2,Male,4367
E05011098,Chaucer,1,Female,7581
E05011098,Chaucer,2,Male,7151
E05011099,Dulwich Hill,1,Female,5073
E05011099,Dulwich Hill,2,Male,4519
E05011100,Dulwich Village,1,Female,5282
E05011100,Dulwich Village,2,Male,4973
E05011101,Dulwich Wood,1,Female,5483
E05011101,Dulwich Wood,2,Male,5105
E05011102,Faraday,1,Female,6626
E05011102,Faraday,2,Male,5839
E05011103,Goose Green,1,Female,7112
E05011103,Goose Green,2,Male,6500
E05011104,London Bridge & West Bermondsey,1,Female,7653
E05011104,London Bridge & West Bermondsey,2,Male,7444
E05011105,Newington (Southwark),1,Female,6923
E05011105,Newington (Southwark),2,Male,6520
E05011106,North Bermondsey,1,Female,7669
E05011106,North Bermondsey,2,Male,7613
E05011107,North Walworth,1,Female,8063
E05011107,North Walworth,2,Male,7780
E05011108,Nunhead & Queen's Road,1,Female,8361
E05011108,Nunhead & Queen's Road,2,Male,7193
E05011109,Old Kent Road,1,Female,9877
E05011109,Old Kent Road,2,Male,9160
E05011110,Peckham,1,Female,7772
E05011110,Peckham,2,Male,7013
E05011111,Peckham Rye,1,Female,5335
E05011111,Peckham Rye,2,Male,4822
E05011112,Rotherhithe,1,Female,7924
E05011112,Rotherhithe,2,Male,7702
E05011113,Rye Lane,1,Female,7644
E05011113,Rye Lane,2,Male,6827
E05011114,St George's (Southwark),1,Female,4241
E05011114,St George's (Southwark),2,Male,4215
E05011115,St Giles,1,Female,8240
E05011115,St Giles,2,Male,7705
E05011116,South Bermondsey,1,Female,8107
E05011116,South Bermondsey,2,Male,7838
E05011117,Surrey Docks,1,Female,6317
E05011117,Surrey Docks,2,Male,6691
E05011217,Barnehurst,1,Female,6077
E05011217,Barnehurst,2,Male,5601
E05011218,Belvedere,1,Female,9073
E05011218,Belvedere,2,Male,8617
E05011219,Bexleyheath,1,Female,8173
E05011219,Bexleyheath,2,Male,7444
E05011220,Blackfen & Lamorbey,1,Female,8613
E05011220,Blackfen & Lamorbey,2,Male,8113
E05011221,Blendon & Penhill,1,Female,8095
E05011221,Blendon & Penhill,2,Male,7536
E05011222,Crayford,1,Female,8376
E05011222,Crayford,2,Male,7905
E05011223,Crook Log,1,Female,7936
E05011223,Crook Log,2,Male,7323
E05011224,East Wickham,1,Female,8214
E05011224,East Wickham,2,Male,7699
E05011225,Erith,1,Female,6932
E05011225,Erith,2,Male,6170
E05011226,Falconwood & Welling,1,Female,8502
E05011226,Falconwood & Welling,2,Male,8071
E05011227,Longlands,1,Female,5221
E05011227,Longlands,2,Male,4858
E05011228,Northumberland Heath,1,Female,5761
E05011228,Northumberland Heath,2,Male,5382
E05011229,St Mary's & St James (Bexley),1,Female,5558
E05011229,St Mary's & St James (Bexley),2,Male,5189
E05011230,Sidcup,1,Female,8256
E05011230,Sidcup,2,Male,7165
E05011231,Slade Green & Northend,1,Female,6744
E05011231,Slade Green & Northend,2,Male,6005
E05011232,Thamesmead East,1,Female,8236
E05011232,Thamesmead East,2,Male,7690
E05011233,West Heath (Bexley),1,Female,8202
E05011233,West Heath (Bexley),2,Male,7734
E05011234,Aldborough,1,Female,7822
E05011234,Aldborough,2,Male,7640
E05011235,Barkingside,1,Female,7667
E05011235,Barkingside,2,Male,7658
E05011236,Bridge (Redbridge),1,Female,6900
E05011236,Bridge (Redbridge),2,Male,6491
E05011237,Chadwell,1,Female,8402
E05011237,Chadwell,2,Male,8127
E05011238,Churchfields,1,Female,8024
E05011238,Churchfields,2,Male,7686
E05011239,Clayhall,1,Female,7186
E05011239,Clayhall,2,Male,7234
E05011240,Clementswood,1,Female,6572
E05011240,Clementswood,2,Male,6933
E05011241,Cranbrook (Redbridge),1,Female,6671
E05011241,Cranbrook (Redbridge),2,Male,6567
E05011242,Fairlop,1,Female,7590
E05011242,Fairlop,2,Male,7124
E05011243,Fullwell,1,Female,7931
E05011243,Fullwell,2,Male,7478
E05011244,Goodmayes,1,Female,7543
E05011244,Goodmayes,2,Male,7716
E05011245,Hainault,1,Female,8162
E05011245,Hainault,2,Male,7540
E05011246,Ilford Town,1,Female,6253
E05011246,Ilford Town,2,Male,6074
E05011247,Loxford,1,Female,7568
E05011247,Loxford,2,Male,7555
E05011248,Mayfield,1,Female,8113
E05011248,Mayfield,2,Male,8179
E05011249,Monkhams,1,Female,4838
E05011249,Monkhams,2,Male,4642
E05011250,Newbury,1,Female,7168
E05011250,Newbury,2,Male,7291
E05011251,Seven Kings,1,Female,7442
E05011251,Seven Kings,2,Male,7604
E05011252,South Woodford,1,Female,6618
E05011252,South Woodford,2,Male,6215
E05011253,Valentines,1,Female,7600
E05011253,Valentines,2,Male,7610
E05011254,Wanstead Park,1,Female,4103
E05011254,Wanstead Park,2,Male,3960
E05011255,Wanstead Village,1,Female,6756
E05011255,Wanstead Village,2,Male,6008
E05011462,Addiscombe East,1,Female,5818
E05011462,Addiscombe East,2,Male,5646
E05011463,Addiscombe West,1,Female,8322
E05011463,Addiscombe West,2,Male,7886
E05011464,Bensham Manor,1,Female,8725
E05011464,Bensham Manor,2,Male,8213
E05011465,Broad Green,1,Female,10366
E05011465,Broad Green,2,Male,9856
E05011466,Coulsdon Town,1,Female,7903
E05011466,Coulsdon Town,2,Male,7517
E05011467,Crystal Palace & Upper Norwood,1,Female,8554
E05011467,Crystal Palace & Upper Norwood,2,Male,7798
E05011468,Fairfield (Croydon),1,Female,7642
E05011468,Fairfield (Croydon),2,Male,7703
E05011469,Kenley,1,Female,5615
E05011469,Kenley,2,Male,5370
E05011470,New Addington North,1,Female,5968
E05011470,New Addington North,2,Male,4968
E05011471,New Addington South,1,Female,5932
E05011471,New Addington South,2,Male,5396
E05011472,Norbury & Pollards Hill,1,Female,6378
E05011472,Norbury & Pollards Hill,2,Male,5767
E05011473,Norbury Park,1,Female,5610
E05011473,Norbury Park,2,Male,5217
E05011474,Old Coulsdon,1,Female,5279
E05011474,Old Coulsdon,2,Male,4831
E05011475,Park Hill & Whitgift,1,Female,2925
E05011475,Park Hill & Whitgift,2,Male,2862
E05011476,Purley & Woodcote,1,Female,7872
E05011476,Purley & Woodcote,2,Male,7312
E05011477,Purley Oaks & Riddlesdown,1,Female,4980
E05011477,Purley Oaks & Riddlesdown,2,Male,4735
E05011478,Sanderstead,1,Female,8182
E05011478,Sanderstead,2,Male,7592
E05011479,Selhurst,1,Female,6918
E05011479,Selhurst,2,Male,6269
E05011480,Selsdon & Addington Village,1,Female,5175
E05011480,Selsdon & Addington Village,2,Male,4753
E05011481,Selsdon Vale & Forestdale,1,Female,5259
E05011481,Selsdon Vale & Forestdale,2,Male,4753
E05011482,Shirley North,1,Female,8188
E05011482,Shirley North,2,Male,7214
E05011483,Shirley South (Croydon),1,Female,5640
E05011483,Shirley South (Croydon),2,Male,4982
E05011484,South Croydon,1,Female,9258
E05011484,South Croydon,2,Male,8806
E05011485,South Norwood,1,Female,8679
E05011485,South Norwood,2,Male,7768
E05011486,Thornton Heath,1,Female,9513
E05011486,Thornton Heath,2,Male,8489
E05011487,Waddon,1,Female,9680
E05011487,Waddon,2,Male,9004
E05011488,West Thornton,1,Female,9741
E05011488,West Thornton,2,Male,9023
E05011489,Woodside (Croydon),1,Female,8968
E05011489,Woodside (Croydon),2,Male,7903
E05013496,Alperton,1,Female,7471
E05013496,Alperton,2,Male,7585
E05013497,Barnhill,1,Female,5928
E05013497,Barnhill,2,Male,5493
E05013498,Brondesbury Park,1,Female,6883
E05013498,Brondesbury Park,2,Male,6552
E05013499,Cricklewood & Mapesbury,1,Female,7203
E05013499,Cricklewood & Mapesbury,2,Male,6946
E05013500,Dollis Hill,1,Female,11025
E05013500,Dollis Hill,2,Male,10823
E05013501,Harlesden & Kensal Green,1,Female,10604
E05013501,Harlesden & Kensal Green,2,Male,9472
E05013502,Kenton (Brent),1,Female,8928
E05013502,Kenton (Brent),2,Male,8758
E05013503,Kilburn (Brent),1,Female,8981
E05013503,Kilburn (Brent),2,Male,8231
E05013504,Kingsbury (Brent),1,Female,5642
E05013504,Kingsbury (Brent),2,Male,5595
E05013505,Northwick Park,1,Female,6378
E05013505,Northwick Park,2,Male,5989
E05013506,Preston (Brent),1,Female,6211
E05013506,Preston (Brent),2,Male,6450
E05013507,Queens Park (Brent),1,Female,9168
E05013507,Queens Park (Brent),2,Male,7990
E05013508,Queensbury (Brent),1,Female,8501
E05013508,Queensbury (Brent),2,Male,8688
E05013509,Roundwood,1,Female,8956
E05013509,Roundwood,2,Male,7751
E05013510,Stonebridge,1,Female,10636
E05013510,Stonebridge,2,Male,9619
E05013511,Sudbury,1,Female,6890
E05013511,Sudbury,2,Male,7048
E05013512,Tokyngton,1,Female,4910
E05013512,Tokyngton,2,Male,5096
E05013513,Welsh Harp,1,Female,9037
E05013513,Welsh Harp,2,Male,8884
E05013514,Wembley Central,1,Female,8779
E05013514,Wembley Central,2,Male,9144
E05013515,Wembley Hill,1,Female,7409
E05013515,Wembley Hill,2,Male,7655
E05013516,Wembley Park,1,Female,3942
E05013516,Wembley Park,2,Male,3606
E05013517,Willesden Green,1,Female,9636
E05013517,Willesden Green,2,Male,9321
E05013518,Central Greenford,1,Female,7196
E05013518,Central Greenford,2,Male,7157
E05013519,Dormers Wells,1,Female,7855
E05013519,Dormers Wells,2,Male,7756
E05013520,Ealing Broadway,1,Female,7064
E05013520,Ealing Broadway,2,Male,6854
E05013521,Ealing Common,1,Female,8121
E05013521,Ealing Common,2,Male,7824
E05013522,East Acton,1,Female,7821
E05013522,East Acton,2,Male,7389
E05013523,Greenford Broadway,1,Female,8973
E05013523,Greenford Broadway,2,Male,8411
E05013524,Hanger Hill,1,Female,8590
E05013524,Hanger Hill,2,Male,8454
E05013525,Hanwell Broadway,1,Female,7969
E05013525,Hanwell Broadway,2,Male,7321
E05013526,Lady Margaret,1,Female,7817
E05013526,Lady Margaret,2,Male,7968
E05013527,North Acton,1,Female,9649
E05013527,North Acton,2,Male,9394
E05013528,North Greenford,1,Female,7836
E05013528,North Greenford,2,Male,7722
E05013529,North Hanwell,1,Female,7757
E05013529,North Hanwell,2,Male,7283
E05013530,Northfield (Ealing),1,Female,7392
E05013530,Northfield (Ealing),2,Male,6873
E05013531,Northolt Mandeville,1,Female,8981
E05013531,Northolt Mandeville,2,Male,8551
E05013532,Northolt West End,1,Female,8450
E05013532,Northolt West End,2,Male,8086
E05013533,Norwood Green,1,Female,8040
E05013533,Norwood Green,2,Male,8055
E05013534,Perivale,1,Female,7926
E05013534,Perivale,2,Male,8259
E05013535,Pitshanger,1,Female,7918
E05013535,Pitshanger,2,Male,7251
E05013536,South Acton,1,Female,8721
E05013536,South Acton,2,Male,8101
E05013537,Southall Broadway,1,Female,5203
E05013537,Southall Broadway,2,Male,5622
E05013538,Southall Green,1,Female,7569
E05013538,Southall Green,2,Male,8125
E05013539,Southall West,1,Female,3178
E05013539,Southall West,2,Male,3403
E05013540,Southfield,1,Female,8682
E05013540,Southfield,2,Male,7793
E05013541,Walpole,1,Female,7497
E05013541,Walpole,2,Male,7259
E05013542,Belmont (Harrow),1,Female,4562
E05013542,Belmont (Harrow),2,Male,4459
E05013543,Canons,1,Female,5055
E05013543,Canons,2,Male,4680
E05013544,Centenary,1,Female,7462
E05013544,Centenary,2,Male,7739
E05013545,Edgware (Harrow),1,Female,7802
E05013545,Edgware (Harrow),2,Male,7911
E05013546,Greenhill (Harrow),1,Female,5528
E05013546,Greenhill (Harrow),2,Male,5487
E05013547,Harrow on the Hill,1,Female,5150
E05013547,Harrow on the Hill,2,Male,5636
E05013548,Harrow Weald,1,Female,7396
E05013548,Harrow Weald,2,Male,6947
E05013549,Hatch End,1,Female,5173
E05013549,Hatch End,2,Male,4649
E05013550,Headstone,1,Female,7506
E05013550,Headstone,2,Male,7376
E05013551,Kenton East,1,Female,6798
E05013551,Kenton East,2,Male,6814
E05013552,Kenton West,1,Female,5040
E05013552,Kenton West,2,Male,4952
E05013553,Marlborough,1,Female,6086
E05013553,Marlborough,2,Male,5904
E05013554,North Harrow,1,Female,4560
E05013554,North Harrow,2,Male,4434
E05013555,Pinner,1,Female,6837
E05013555,Pinner,2,Male,6300
E05013556,Pinner South,1,Female,8057
E05013556,Pinner South,2,Male,7682
E05013557,Rayners Lane,1,Female,4523
E05013557,Rayners Lane,2,Male,4620
E05013558,Roxbourne,1,Female,5095
E05013558,Roxbourne,2,Male,4810
E05013559,Roxeth,1,Female,8086
E05013559,Roxeth,2,Male,7778
E05013560,Stanmore,1,Female,7184
E05013560,Stanmore,2,Male,6317
E05013561,Wealdstone North,1,Female,5371
E05013561,Wealdstone North,2,Male,5117
E05013562,Wealdstone South,1,Female,3951
E05013562,Wealdstone South,2,Male,4006
E05013563,West Harrow,1,Female,5184
E05013563,West Harrow,2,Male,5179
E05013564,Belmore,1,Female,8587
E05013564,Belmore,2,Male,8905
E05013565,Charville,1,Female,5773
E05013565,Charville,2,Male,5738
E05013566,Colham & Cowley,1,Female,9535
E05013566,Colham & Cowley,2,Male,9601
E05013567,Eastcote,1,Female,8768
E05013567,Eastcote,2,Male,8144
E05013568,Harefield Village,1,Female,2931
E05013568,Harefield Village,2,Male,2810
E05013569,Hayes Town,1,Female,7423
E05013569,Hayes Town,2,Male,7575
E05013570,Heathrow Villages,1,Female,6849
E05013570,Heathrow Villages,2,Male,7192
E05013571,Hillingdon East,1,Female,8127
E05013571,Hillingdon East,2,Male,7677
E05013572,Hillingdon West,1,Female,4972
E05013572,Hillingdon West,2,Male,4718
E05013573,Ickenham & South Harefield,1,Female,7919
E05013573,Ickenham & South Harefield,2,Male,7597
E05013574,Northwood (Hillingdon),1,Female,5943
E05013574,Northwood (Hillingdon),2,Male,5367
E05013575,Northwood Hills,1,Female,6098
E05013575,Northwood Hills,2,Male,5673
E05013576,Pinkwell,1,Female,8265
E05013576,Pinkwell,2,Male,8444
E05013577,Ruislip,1,Female,8009
E05013577,Ruislip,2,Male,7432
E05013578,Ruislip Manor,1,Female,5622
E05013578,Ruislip Manor,2,Male,5358
E05013579,South Ruislip,1,Female,8503
E05013579,South Ruislip,2,Male,8335
E05013580,Uxbridge,1,Female,8944
E05013580,Uxbridge,2,Male,9018
E05013581,West Drayton,1,Female,9324
E05013581,West Drayton,2,Male,9109
E05013582,Wood End,1,Female,10009
E05013582,Wood End,2,Male,9793
E05013583,Yeading,1,Female,6878
E05013583,Yeading,2,Male,6538
E05013584,Yiewsley,1,Female,6381
E05013584,Yiewsley,2,Male,6025
E05013585,Alexandra Park,1,Female,4609
E05013585,Alexandra Park,2,Male,4230
E05013586,Bounds Green,1,Female,5190
E05013586,Bounds Green,2,Male,4643
E05013587,Bruce Castle,1,Female,7023
E05013587,Bruce Castle,2,Male,6454
E05013588,Crouch End,1,Female,6851
E05013588,Crouch End,2,Male,6189
E05013589,Fortis Green,1,Female,6610
E05013589,Fortis Green,2,Male,5988
E05013590,Harringay,1,Female,7327
E05013590,Harringay,2,Male,7240
E05013591,Hermitage & Gardens,1,Female,4355
E05013591,Hermitage & Gardens,2,Male,4082
E05013592,Highgate (Haringey),1,Female,6658
E05013592,Highgate (Haringey),2,Male,6106
E05013593,Hornsey,1,Female,7875
E05013593,Hornsey,2,Male,7160
E05013594,Muswell Hill,1,Female,4550
E05013594,Muswell Hill,2,Male,4229
E05013595,Noel Park,1,Female,7098
E05013595,Noel Park,2,Male,6614
E05013596,Northumberland Park,1,Female,7689
E05013596,Northumberland Park,2,Male,7016
E05013597,St Ann's (Haringey),1,Female,5389
E05013597,St Ann's (Haringey),2,Male,5201
E05013598,Seven Sisters,1,Female,4705
E05013598,Seven Sisters,2,Male,4533
E05013599,South Tottenham,1,Female,8551
E05013599,South Tottenham,2,Male,8270
E05013600,Stroud Green,1,Female,5686
E05013600,Stroud Green,2,Male,5106
E05013601,Tottenham Central,1,Female,7576
E05013601,Tottenham Central,2,Male,7163
E05013602,Tottenham Hale,1,Female,6314
E05013602,Tottenham Hale,2,Male,5862
E05013603,West Green,1,Female,7797
E05013603,West Green,2,Male,7171
E05013604,White Hart Lane,1,Female,7340
E05013604,White Hart Lane,2,Male,6542
E05013605,Woodside (Haringey),1,Female,7800
E05013605,Woodside (Haringey),2,Male,7445
E05013606,Bedfont,1,Female,7796
E05013606,Bedfont,2,Male,7353
E05013607,Brentford East,1,Female,4561
E05013607,Brentford East,2,Male,4131
E05013608,Brentford West,1,Female,4021
E05013608,Brentford West,2,Male,3858
E05013609,Chiswick Gunnersbury,1,Female,6444
E05013609,Chiswick Gunnersbury,2,Male,6253
E05013610,Chiswick Homefields,1,Female,7072
E05013610,Chiswick Homefields,2,Male,6668
E05013611,Chiswick Riverside,1,Female,5253
E05013611,Chiswick Riverside,2,Male,5048
E05013612,Cranford,1,Female,7911
E05013612,Cranford,2,Male,8116
E05013613,Feltham North,1,Female,6465
E05013613,Feltham North,2,Male,6441
E05013614,Feltham West,1,Female,8099
E05013614,Feltham West,2,Male,8124
E05013615,Hanworth Park,1,Female,5159
E05013615,Hanworth Park,2,Male,5244
E05013616,Hanworth Village,1,Female,8134
E05013616,Hanworth Village,2,Male,8134
E05013617,Heston Central,1,Female,7249
E05013617,Heston Central,2,Male,7285
E05013618,Heston East,1,Female,5569
E05013618,Heston East,2,Male,5589
E05013619,Heston West,1,Female,7915
E05013619,Heston West,2,Male,7815
E05013620,Hounslow Central,1,Female,5122
E05013620,Hounslow Central,2,Male,5538
E05013621,Hounslow East,1,Female,4376
E05013621,Hounslow East,2,Male,4296
E05013622,Hounslow Heath,1,Female,7915
E05013622,Hounslow Heath,2,Male,8160
E05013623,Hounslow South,1,Female,6901
E05013623,Hounslow South,2,Male,6847
E05013624,Hounslow West,1,Female,7648
E05013624,Hounslow West,2,Male,8267
E05013625,Isleworth,1,Female,7318
E05013625,Isleworth,2,Male,6481
E05013626,Osterley & Spring Grove,1,Female,7414
E05013626,Osterley & Spring Grove,2,Male,7246
E05013627,Syon & Brentford Lock,1,Female,6638
E05013627,Syon & Brentford Lock,2,Male,6310
E05013628,Barnet Vale,1,Female,8766
E05013628,Barnet Vale,2,Male,8103
E05013629,Brunswick Park,1,Female,8310
E05013629,Brunswick Park,2,Male,7901
E05013630,Burnt Oak,1,Female,11292
E05013630,Burnt Oak,2,Male,10565
E05013631,Childs Hill,1,Female,10105
E05013631,Childs Hill,2,Male,9524
E05013632,Colindale North,1,Female,6276
E05013632,Colindale North,2,Male,5784
E05013633,Colindale South,1,Female,9804
E05013633,Colindale South,2,Male,9609
E05013634,Cricklewood,1,Female,5495
E05013634,Cricklewood,2,Male,5228
E05013635,East Barnet,1,Female,9285
E05013635,East Barnet,2,Male,8858
E05013636,East Finchley,1,Female,8704
E05013636,East Finchley,2,Male,7935
E05013637,Edgware (Barnet),1,Female,10308
E05013637,Edgware (Barnet),2,Male,9689
E05013638,Edgwarebury,1,Female,6233
E05013638,Edgwarebury,2,Male,5876
E05013639,Finchley Church End,1,Female,9876
E05013639,Finchley Church End,2,Male,8964
E05013640,Friern Barnet,1,Female,10155
E05013640,Friern Barnet,2,Male,9295
E05013641,Garden Suburb,1,Female,6562
E05013641,Garden Suburb,2,Male,5645
E05013642,Golders Green,1,Female,7461
E05013642,Golders Green,2,Male,7283
E05013643,Hendon (Barnet),1,Female,11094
E05013643,Hendon (Barnet),2,Male,10887
E05013644,High Barnet,1,Female,6114
E05013644,High Barnet,2,Male,5816
E05013645,Mill Hill (Barnet),1,Female,9494
E05013645,Mill Hill (Barnet),2,Male,8813
E05013646,Totteridge & Woodside,1,Female,7426
E05013646,Totteridge & Woodside,2,Male,7067
E05013647,Underhill,1,Female,6478
E05013647,Underhill,2,Male,5894
E05013648,West Finchley,1,Female,10016
E05013648,West Finchley,2,Male,9414
E05013649,West Hendon,1,Female,8765
E05013649,West Hendon,2,Male,8488
E05013650,Whetstone,1,Female,5620
E05013650,Whetstone,2,Male,5151
E05013651,Woodhouse (Barnet),1,Female,7159
E05013651,Woodhouse (Barnet),2,Male,6755
E05013652,Belsize,1,Female,6473
E05013652,Belsize,2,Male,5826
E05013653,Bloomsbury,1,Female,5733
E05013653,Bloomsbury,2,Male,5362
E05013654,Camden Square,1,Female,3957
E05013654,Camden Square,2,Male,3600
E05013655,Camden Town,1,Female,3232
E05013655,Camden Town,2,Male,3157
E05013656,Fortune Green,1,Female,5928
E05013656,Fortune Green,2,Male,5482
E05013657,Frognal,1,Female,4070
E05013657,Frognal,2,Male,3655
E05013658,Gospel Oak,1,Female,6216
E05013658,Gospel Oak,2,Male,5400
E05013659,Hampstead Town,1,Female,4190
E05013659,Hampstead Town,2,Male,3826
E05013660,Haverstock,1,Female,6466
E05013660,Haverstock,2,Male,5572
E05013661,Highgate (Camden),1,Female,5456
E05013661,Highgate (Camden),2,Male,4770
E05013662,Holborn & Covent Garden,1,Female,5134
E05013662,Holborn & Covent Garden,2,Male,5227
E05013663,Kentish Town North,1,Female,3791
E05013663,Kentish Town North,2,Male,3365
E05013664,Kentish Town South,1,Female,5722
E05013664,Kentish Town South,2,Male,4699
E05013665,Kilburn (Camden),1,Female,6469
E05013665,Kilburn (Camden),2,Male,5592
E05013666,King's Cross,1,Female,5971
E05013666,King's Cross,2,Male,5491
E05013667,Primrose Hill,1,Female,6665
E05013667,Primrose Hill,2,Male,5878
E05013668,Regent's Park (Camden),1,Female,6332
E05013668,Regent's Park (Camden),2,Male,5594
E05013669,St Pancras & Somers Town,1,Female,6579
E05013669,St Pancras & Somers Town,2,Male,5933
E05013670,South Hampstead,1,Female,6425
E05013670,South Hampstead,2,Male,5738
E05013671,West Hampstead,1,Female,5845
E05013671,West Hampstead,2,Male,5317
E05013672,Arnos Grove,1,Female,4173
E05013672,Arnos Grove,2,Male,4045
E05013673,Bowes,1,Female,5462
E05013673,Bowes,2,Male,5329
E05013674,Brimsdown,1,Female,8510
E05013674,Brimsdown,2,Male,7740
E05013675,Bullsmoor,1,Female,6029
E05013675,Bullsmoor,2,Male,5427
E05013676,Bush Hill Park,1,Female,6526
E05013676,Bush Hill Park,2,Male,6182
E05013677,Carterhatch,1,Female,6574
E05013677,Carterhatch,2,Male,5793
E05013678,Cockfosters,1,Female,5549
E05013678,Cockfosters,2,Male,5058
E05013679,Edmonton Green,1,Female,9145
E05013679,Edmonton Green,2,Male,7987
E05013680,Enfield Lock,1,Female,9502
E05013680,Enfield Lock,2,Male,8316
E05013681,Grange Park,1,Female,4813
E05013681,Grange Park,2,Male,4549
E05013682,Haselbury,1,Female,9443
E05013682,Haselbury,2,Male,8692
E05013683,Highfield (Enfield),1,Female,4680
E05013683,Highfield (Enfield),2,Male,4569
E05013684,Jubilee (Enfield),1,Female,8667
E05013684,Jubilee (Enfield),2,Male,7879
E05013685,Lower Edmonton,1,Female,8833
E05013685,Lower Edmonton,2,Male,7722
E05013686,New Southgate,1,Female,6072
E05013686,New Southgate,2,Male,5835
E05013687,Oakwood (Enfield),1,Female,4557
E05013687,Oakwood (Enfield),2,Male,4190
E05013688,Palmers Green,1,Female,5623
E05013688,Palmers Green,2,Male,5391
E05013689,Ponders End,1,Female,7248
E05013689,Ponders End,2,Male,6434
E05013690,Ridgeway (Enfield),1,Female,6643
E05013690,Ridgeway (Enfield),2,Male,5891
E05013691,Southbury,1,Female,8403
E05013691,Southbury,2,Male,7507
E05013692,Southgate (Enfield),1,Female,7502
E05013692,Southgate (Enfield),2,Male,7013
E05013693,Town (Enfield),1,Female,7140
E05013693,Town (Enfield),2,Male,6377
E05013694,Upper Edmonton,1,Female,8721
E05013694,Upper Edmonton,2,Male,8003
E05013695,Whitewebbs,1,Female,7302
E05013695,Whitewebbs,2,Male,6541
E05013696,Winchmore Hill,1,Female,5357
E05013696,Winchmore Hill,2,Male,5041
E05013697,Arsenal,1,Female,6706
E05013697,Arsenal,2,Male,6419
E05013698,Barnsbury,1,Female,6018
E05013698,Barnsbury,2,Male,5691
E05013699,Bunhill,1,Female,5672
E05013699,Bunhill,2,Male,5492
E05013700,Caledonian,1,Female,6294
E05013700,Caledonian,2,Male,5285
E05013701,Canonbury,1,Female,6769
E05013701,Canonbury,2,Male,5897
E05013702,Clerkenwell,1,Female,5731
E05013702,Clerkenwell,2,Male,5225
E05013703,Finsbury Park,1,Female,7685
E05013703,Finsbury Park,2,Male,6961
E05013704,Highbury,1,Female,7284
E05013704,Highbury,2,Male,6524
E05013705,Hillrise,1,Female,8027
E05013705,Hillrise,2,Male,6943
E05013706,Holloway,1,Female,6762
E05013706,Holloway,2,Male,5975
E05013707,Junction,1,Female,6794
E05013707,Junction,2,Male,6061
E05013708,Laycock,1,Female,6181
E05013708,Laycock,2,Male,6260
E05013709,Mildmay,1,Female,7535
E05013709,Mildmay,2,Male,6731
E05013710,St Mary's & St James' (Islington),1,Female,6243
E05013710,St Mary's & St James' (Islington),2,Male,5645
E05013711,St Peter's & Canalside,1,Female,5920
E05013711,St Peter's & Canalside,2,Male,5702
E05013712,Tollington,1,Female,7266
E05013712,Tollington,2,Male,6498
E05013713,Tufnell Park,1,Female,6407
E05013713,Tufnell Park,2,Male,5988
E05013714,Bellingham (Lewisham),1,Female,6092
E05013714,Bellingham (Lewisham),2,Male,5569
E05013715,Blackheath (Lewisham),1,Female,8678
E05013715,Blackheath (Lewisham),2,Male,7751
E05013716,Brockley,1,Female,9273
E05013716,Brockley,2,Male,8225
E05013717,Catford South,1,Female,9023
E05013717,Catford South,2,Male,8235
E05013718,Crofton Park,1,Female,8118
E05013718,Crofton Park,2,Male,7311
E05013719,Deptford,1,Female,8875
E05013719,Deptford,2,Male,8127
E05013720,Downham,1,Female,9709
E05013720,Downham,2,Male,8650
E05013721,Evelyn,1,Female,7372
E05013721,Evelyn,2,Male,7063
E05013722,Forest Hill,1,Female,7938
E05013722,Forest Hill,2,Male,7236
E05013723,Grove Park,1,Female,8207
E05013723,Grove Park,2,Male,7523
E05013724,Hither Green,1,Female,10548
E05013724,Hither Green,2,Male,9600
E05013725,Ladywell,1,Female,8287
E05013725,Ladywell,2,Male,7288
E05013726,Lee Green,1,Female,7824
E05013726,Lee Green,2,Male,7191
E05013727,Lewisham Central,1,Female,4200
E05013727,Lewisham Central,2,Male,3999
E05013728,New Cross Gate,1,Female,5787
E05013728,New Cross Gate,2,Male,5290
E05013729,Perry Vale,1,Female,9953
E05013729,Perry Vale,2,Male,8704
E05013730,Rushey Green,1,Female,9878
E05013730,Rushey Green,2,Male,9141
E05013731,Sydenham,1,Female,9150
E05013731,Sydenham,2,Male,7825
E05013732,Telegraph Hill,1,Female,8908
E05013732,Telegraph Hill,2,Male,8006
E05013733,Addison,1,Female,4063
E05013733,Addison,2,Male,3655
E05013734,Avonmore,1,Female,4066
E05013734,Avonmore,2,Male,3464
E05013735,Brook Green,1,Female,4385
E05013735,Brook Green,2,Male,3865
E05013736,College Park & Old Oak,1,Female,5117
E05013736,College Park & Old Oak,2,Male,4867
E05013737,Coningham,1,Female,5533
E05013737,Coningham,2,Male,5052
E05013738,Fulham Reach,1,Female,6371
E05013738,Fulham Reach,2,Male,5796
E05013739,Fulham Town,1,Female,4041
E05013739,Fulham Town,2,Male,3350
E05013740,Grove,1,Female,3781
E05013740,Grove,2,Male,3469
E05013741,Hammersmith Broadway,1,Female,4168
E05013741,Hammersmith Broadway,2,Male,3682
E05013742,Lillie,1,Female,3481
E05013742,Lillie,2,Male,3230
E05013743,Munster,1,Female,6564
E05013743,Munster,2,Male,5573
E05013744,Palace & Hurlingham,1,Female,6015
E05013744,Palace & Hurlingham,2,Male,5158
E05013745,Parsons Green & Sandford,1,Female,4074
E05013745,Parsons Green & Sandford,2,Male,3654
E05013746,Ravenscourt,1,Female,3626
E05013746,Ravenscourt,2,Male,3306
E05013747,Sands End,1,Female,6037
E05013747,Sands End,2,Male,5092
E05013748,Shepherd's Bush Green,1,Female,2930
E05013748,Shepherd's Bush Green,2,Male,2640
E05013749,Walham Green,1,Female,4219
E05013749,Walham Green,2,Male,3732
E05013750,Wendell Park,1,Female,3963
E05013750,Wendell Park,2,Male,3456
E05013751,West Kensington,1,Female,4912
E05013751,West Kensington,2,Male,4396
E05013752,White City,1,Female,5529
E05013752,White City,2,Male,4864
E05013753,Wormholt,1,Female,4341
E05013753,Wormholt,2,Male,3644
E05013754,Beddington,1,Female,5654
E05013754,Beddington,2,Male,5414
E05013755,Belmont (Sutton),1,Female,6069
E05013755,Belmont (Sutton),2,Male,5795
E05013756,Carshalton Central,1,Female,6008
E05013756,Carshalton Central,2,Male,5530
E05013757,Carshalton South & Clockhouse,1,Female,5097
E05013757,Carshalton South & Clockhouse,2,Male,4863
E05013758,Cheam,1,Female,5603
E05013758,Cheam,2,Male,5207
E05013759,Hackbridge,1,Female,3373
E05013759,Hackbridge,2,Male,3204
E05013760,North Cheam,1,Female,5697
E05013760,North Cheam,2,Male,5463
E05013761,St Helier East,1,Female,4431
E05013761,St Helier East,2,Male,4125
E05013762,St Helier West,1,Female,6393
E05013762,St Helier West,2,Male,5785
E05013763,South Beddington & Roundshaw,1,Female,5644
E05013763,South Beddington & Roundshaw,2,Male,5270
E05013764,Stonecot,1,Female,4260
E05013764,Stonecot,2,Male,4019
E05013765,Sutton Central,1,Female,6480
E05013765,Sutton Central,2,Male,6086
E05013766,Sutton North,1,Female,5810
E05013766,Sutton North,2,Male,5486
E05013767,Sutton South,1,Female,6286
E05013767,Sutton South,2,Male,5961
E05013768,Sutton West & East Cheam,1,Female,5667
E05013768,Sutton West & East Cheam,2,Male,5240
E05013769,The Wrythe,1,Female,5705
E05013769,The Wrythe,2,Male,5233
E05013770,Wallington North,1,Female,6253
E05013770,Wallington North,2,Male,5983
E05013771,Wallington South,1,Female,5774
E05013771,Wallington South,2,Male,5275
E05013772,Worcester Park North,1,Female,4348
E05013772,Worcester Park North,2,Male,4076
E05013773,Worcester Park South,1,Female,3605
E05013773,Worcester Park South,2,Male,3466
E05013774,Barnes (Richmond upon Thames),1,Female,5458
E05013774,Barnes (Richmond upon Thames),2,Male,4966
E05013775,East Sheen,1,Female,5529
E05013775,East Sheen,2,Male,5145
E05013776,Fulwell & Hampton Hill,1,Female,5568
E05013776,Fulwell & Hampton Hill,2,Male,5151
E05013777,"Ham, Petersham & Richmond Riverside",1,Female,5623
E05013777,"Ham, Petersham & Richmond Riverside",2,Male,5205
E05013778,Hampton (Richmond upon Thames),1,Female,5288
E05013778,Hampton (Richmond upon Thames),2,Male,5011
E05013779,Hampton North,1,Female,5066
E05013779,Hampton North,2,Male,4650
E05013780,Hampton Wick & South Teddington,1,Female,5489
E05013780,Hampton Wick & South Teddington,2,Male,5266
E05013781,Heathfield,1,Female,5307
E05013781,Heathfield,2,Male,5106
E05013782,Kew (Richmond upon Thames),1,Female,6205
E05013782,Kew (Richmond upon Thames),2,Male,5634
E05013783,Mortlake & Barnes Common,1,Female,6378
E05013783,Mortlake & Barnes Common,2,Male,5655
E05013784,North Richmond,1,Female,5459
E05013784,North Richmond,2,Male,5170
E05013785,St Margarets & North Twickenham,1,Female,6131
E05013785,St Margarets & North Twickenham,2,Male,5814
E05013786,South Richmond,1,Female,5810
E05013786,South Richmond,2,Male,5272
E05013787,South Twickenham,1,Female,5516
E05013787,South Twickenham,2,Male,5113
E05013788,Teddington,1,Female,5627
E05013788,Teddington,2,Male,4935
E05013789,Twickenham Riverside,1,Female,5655
E05013789,Twickenham Riverside,2,Male,5337
E05013790,West Twickenham,1,Female,5987
E05013790,West Twickenham,2,Male,5319
E05013791,Whitton (Richmond upon Thames),1,Female,5221
E05013791,Whitton (Richmond upon Thames),2,Male,5216
E05013792,Abbey Road,1,Female,6886
E05013792,Abbey Road,2,Male,6157
E05013793,Bayswater,1,Female,6318
E05013793,Bayswater,2,Male,6048
E05013794,Church Street,1,Female,6095
E05013794,Church Street,2,Male,5578
E05013795,Harrow Road,1,Female,6031
E05013795,Harrow Road,2,Male,5350
E05013796,Hyde Park,1,Female,5231
E05013796,Hyde Park,2,Male,5088
E05013797,Knightsbridge & Belgravia,1,Female,5944
E05013797,Knightsbridge & Belgravia,2,Male,5084
E05013798,Lancaster Gate,1,Female,5571
E05013798,Lancaster Gate,2,Male,5380
E05013799,Little Venice,1,Female,5394
E05013799,Little Venice,2,Male,4972
E05013800,Maida Vale,1,Female,6066
E05013800,Maida Vale,2,Male,5594
E05013801,Marylebone,1,Female,6057
E05013801,Marylebone,2,Male,6100
E05013802,Pimlico North,1,Female,5050
E05013802,Pimlico North,2,Male,5267
E05013803,Pimlico South,1,Female,5653
E05013803,Pimlico South,2,Male,5039
E05013804,Queen's Park (Westminster),1,Female,6754
E05013804,Queen's Park (Westminster),2,Male,6002
E05013805,Regent's Park (Westminster),1,Female,6143
E05013805,Regent's Park (Westminster),2,Male,5467
E05013806,St James's (Westminster),1,Female,4977
E05013806,St James's (Westminster),2,Male,5384
E05013807,Vincent Square,1,Female,5376
E05013807,Vincent Square,2,Male,4951
E05013808,West End (Westminster),1,Female,5590
E05013808,West End (Westminster),2,Male,5953
E05013809,Westbourne (Westminster),1,Female,6192
E05013809,Westbourne (Westminster),2,Male,5494
E05013810,Abbey (Merton),1,Female,5377
E05013810,Abbey (Merton),2,Male,5157
E05013811,Cannon Hill,1,Female,4977
E05013811,Cannon Hill,2,Male,4814
E05013812,Colliers Wood,1,Female,5910
E05013812,Colliers Wood,2,Male,5650
E05013813,Cricket Green,1,Female,6075
E05013813,Cricket Green,2,Male,5641
E05013814,Figge's Marsh,1,Female,6053
E05013814,Figge's Marsh,2,Male,5756
E05013815,Graveney,1,Female,5946
E05013815,Graveney,2,Male,5889
E05013816,Hillside (Merton),1,Female,4314
E05013816,Hillside (Merton),2,Male,3928
E05013817,Lavender Fields,1,Female,5809
E05013817,Lavender Fields,2,Male,5560
E05013818,Longthornton,1,Female,6114
E05013818,Longthornton,2,Male,5789
E05013819,Lower Morden,1,Female,5798
E05013819,Lower Morden,2,Male,5543
E05013820,Merton Park,1,Female,4175
E05013820,Merton Park,2,Male,4119
E05013821,Pollards Hill,1,Female,5969
E05013821,Pollards Hill,2,Male,5677
E05013822,Ravensbury,1,Female,4880
E05013822,Ravensbury,2,Male,4600
E05013823,Raynes Park,1,Female,6442
E05013823,Raynes Park,2,Male,5860
E05013824,St Helier,1,Female,5755
E05013824,St Helier,2,Male,5557
E05013825,Village (Merton),1,Female,6239
E05013825,Village (Merton),2,Male,5565
E05013826,Wandle (Merton),1,Female,2944
E05013826,Wandle (Merton),2,Male,2659
E05013827,West Barnes,1,Female,5409
E05013827,West Barnes,2,Male,5201
E05013828,Wimbledon Park,1,Female,5756
E05013828,Wimbledon Park,2,Male,5315
E05013829,Wimbledon Town & Dundonald,1,Female,6590
E05013829,Wimbledon Town & Dundonald,2,Male,6376
E05013882,Cann Hall (Waltham Forest),1,Female,8142
E05013882,Cann Hall (Waltham Forest),2,Male,8178
E05013883,Cathall,1,Female,5135
E05013883,Cathall,2,Male,5348
E05013884,Chapel End,1,Female,7009
E05013884,Chapel End,2,Male,6605
E05013885,Chingford Green,1,Female,5867
E05013885,Chingford Green,2,Male,5534
E05013886,Endlebury,1,Female,4775
E05013886,Endlebury,2,Male,4547
E05013887,Forest (Waltham Forest),1,Female,8687
E05013887,Forest (Waltham Forest),2,Male,8570
E05013888,Grove Green,1,Female,7496
E05013888,Grove Green,2,Male,7250
E05013889,Hale End & Highams Park South,1,Female,5053
E05013889,Hale End & Highams Park South,2,Male,4765
E05013890,Hatch Lane & Highams Park North,1,Female,6806
E05013890,Hatch Lane & Highams Park North,2,Male,6145
E05013891,High Street (Waltham Forest),1,Female,5856
E05013891,High Street (Waltham Forest),2,Male,5708
E05013892,Higham Hill,1,Female,7399
E05013892,Higham Hill,2,Male,6913
E05013893,Hoe Street,1,Female,7322
E05013893,Hoe Street,2,Male,6954
E05013894,Larkswood,1,Female,6919
E05013894,Larkswood,2,Male,6616
E05013895,Lea Bridge (Waltham Forest),1,Female,7659
E05013895,Lea Bridge (Waltham Forest),2,Male,7865
E05013896,Leyton,1,Female,6713
E05013896,Leyton,2,Male,6401
E05013897,Leytonstone,1,Female,6222
E05013897,Leytonstone,2,Male,6016
E05013898,Markhouse,1,Female,4653
E05013898,Markhouse,2,Male,4621
E05013899,St James (Waltham Forest),1,Female,6138
E05013899,St James (Waltham Forest),2,Male,5605
E05013900,Upper Walthamstow,1,Female,4213
E05013900,Upper Walthamstow,2,Male,3982
E05013901,Valley (Waltham Forest),1,Female,7170
E05013901,Valley (Waltham Forest),2,Male,6914
E05013902,William Morris,1,Female,7770
E05013902,William Morris,2,Male,7289
E05013903,Wood Street,1,Female,4947
E05013903,Wood Street,2,Male,4647
E05013904,Beckton,1,Female,8422
E05013904,Beckton,2,Male,7724
E05013905,Boleyn,1,Female,7443
E05013905,Boleyn,2,Male,7664
E05013906,Canning Town North,1,Female,5309
E05013906,Canning Town North,2,Male,5264
E05013907,Canning Town South,1,Female,3588
E05013907,Canning Town South,2,Male,3534
E05013908,Custom House,1,Female,9034
E05013908,Custom House,2,Male,8625
E05013909,East Ham,1,Female,7663
E05013909,East Ham,2,Male,7466
E05013910,East Ham South,1,Female,9391
E05013910,East Ham South,2,Male,9125
E05013911,Forest Gate North,1,Female,5563
E05013911,Forest Gate North,2,Male,5424
E05013912,Forest Gate South,1,Female,8883
E05013912,Forest Gate South,2,Male,8891
E05013913,Green Street East,1,Female,8409
E05013913,Green Street East,2,Male,8564
E05013914,Green Street West,1,Female,7435
E05013914,Green Street West,2,Male,8355
E05013915,Little Ilford,1,Female,8975
E05013915,Little Ilford,2,Male,8572
E05013916,Manor Park (Newham),1,Female,7823
E05013916,Manor Park (Newham),2,Male,8009
E05013917,Maryland,1,Female,6297
E05013917,Maryland,2,Male,6158
E05013918,Plaistow North,1,Female,9199
E05013918,Plaistow North,2,Male,9091
E05013919,Plaistow South,1,Female,6751
E05013919,Plaistow South,2,Male,6422
E05013920,Plaistow West & Canning Town East,1,Female,8609
E05013920,Plaistow West & Canning Town East,2,Male,8087
E05013921,Plashet,1,Female,5479
E05013921,Plashet,2,Male,6138
E05013922,Royal Albert,1,Female,4808
E05013922,Royal Albert,2,Male,4498
E05013923,Royal Victoria,1,Female,7197
E05013923,Royal Victoria,2,Male,7341
E05013924,Stratford,1,Female,7648
E05013924,Stratford,2,Male,8093
E05013925,Stratford Olympic Park,1,Female,5825
E05013925,Stratford Olympic Park,2,Male,6034
E05013926,Wall End,1,Female,8106
E05013926,Wall End,2,Male,8396
E05013927,West Ham,1,Female,7863
E05013927,West Ham,2,Male,7837
E05013928,Alexandra (Kingston upon Thames),1,Female,3282
E05013928,Alexandra (Kingston upon Thames),2,Male,3131
E05013929,Berrylands,1,Female,3086
E05013929,Berrylands,2,Male,3028
E05013930,Canbury Gardens,1,Female,4220
E05013930,Canbury Gardens,2,Male,4043
E05013931,Chessington South & Malden Rushett,1,Female,4916
E05013931,Chessington South & Malden Rushett,2,Male,4572
E05013932,Coombe Hill,1,Female,3932
E05013932,Coombe Hill,2,Male,3486
E05013933,Coombe Vale,1,Female,5406
E05013933,Coombe Vale,2,Male,5050
E05013934,Green Lane & St James,1,Female,3674
E05013934,Green Lane & St James,2,Male,3377
E05013935,Hook & Chessington North,1,Female,5717
E05013935,Hook & Chessington North,2,Male,5391
E05013936,King George's & Sunray,1,Female,2897
E05013936,King George's & Sunray,2,Male,2708
E05013937,Kingston Gate,1,Female,5624
E05013937,Kingston Gate,2,Male,5200
E05013938,Kingston Town,1,Female,5442
E05013938,Kingston Town,2,Male,4847
E05013939,Motspur Park & Old Malden East,1,Female,3603
E05013939,Motspur Park & Old Malden East,2,Male,3386
E05013940,New Malden Village,1,Female,5026
E05013940,New Malden Village,2,Male,4556
E05013941,Norbiton,1,Female,5879
E05013941,Norbiton,2,Male,5308
E05013942,Old Malden,1,Female,3387
E05013942,Old Malden,2,Male,3311
E05013943,St Mark's & Seething Wells,1,Female,6119
E05013943,St Mark's & Seething Wells,2,Male,5690
E05013944,Surbiton Hill,1,Female,5480
E05013944,Surbiton Hill,2,Male,5156
E05013945,Tolworth,1,Female,5765
E05013945,Tolworth,2,Male,5423
E05013946,Tudor (Kingston upon Thames),1,Female,3594
E05013946,Tudor (Kingston upon Thames),2,Male,3350
E05013967,Beam Park,1,Female,2523
E05013967,Beam Park,2,Male,2360
E05013968,Cranham,1,Female,6799
E05013968,Cranham,2,Male,6188
E05013969,Elm Park,1,Female,8629
E05013969,Elm Park,2,Male,8017
E05013970,Emerson Park,1,Female,4838
E05013970,Emerson Park,2,Male,4697
E05013971,Gooshays,1,Female,9199
E05013971,Gooshays,2,Male,8581
E05013972,Hacton,1,Female,4369
E05013972,Hacton,2,Male,4120
E05013973,Harold Wood,1,Female,7139
E05013973,Harold Wood,2,Male,6668
E05013974,Havering-atte-Bower,1,Female,8603
E05013974,Havering-atte-Bower,2,Male,7771
E05013975,Heaton (Havering),1,Female,8942
E05013975,Heaton (Havering),2,Male,8269
E05013976,Hylands & Harrow Lodge,1,Female,7135
E05013976,Hylands & Harrow Lodge,2,Male,6623
E05013977,Marshalls & Rise Park,1,Female,6569
E05013977,Marshalls & Rise Park,2,Male,6385
E05013978,Mawneys,1,Female,7544
E05013978,Mawneys,2,Male,6934
E05013979,Rainham & Wennington,1,Female,7034
E05013979,Rainham & Wennington,2,Male,6533
E05013980,Rush Green & Crowlands,1,Female,8351
E05013980,Rush Green & Crowlands,2,Male,7671
E05013981,St Alban's,1,Female,4535
E05013981,St Alban's,2,Male,4202
E05013982,St Andrew's (Havering),1,Female,7582
E05013982,St Andrew's (Havering),2,Male,7072
E05013983,St Edward's,1,Female,5434
E05013983,St Edward's,2,Male,4989
E05013984,South Hornchurch,1,Female,5525
E05013984,South Hornchurch,2,Male,5359
E05013985,Squirrels Heath,1,Female,8000
E05013985,Squirrels Heath,2,Male,7517
E05013986,Upminster,1,Female,6918
E05013986,Upminster,2,Male,6429
E05013987,Beckenham Town & Copers Cope,1,Female,8519
E05013987,Beckenham Town & Copers Cope,2,Male,7844
E05013988,Bickley & Sundridge,1,Female,9391
E05013988,Bickley & Sundridge,2,Male,8375
E05013989,Biggin Hill,1,Female,5583
E05013989,Biggin Hill,2,Male,5234
E05013990,Bromley Common & Holwood,1,Female,9752
E05013990,Bromley Common & Holwood,2,Male,9029
E05013991,Bromley Town,1,Female,7888
E05013991,Bromley Town,2,Male,7512
E05013992,Chelsfield,1,Female,5782
E05013992,Chelsfield,2,Male,5452
E05013993,Chislehurst,1,Female,8025
E05013993,Chislehurst,2,Male,7544
E05013994,Clock House,1,Female,9057
E05013994,Clock House,2,Male,8302
E05013995,Crystal Palace & Anerley,1,Female,6356
E05013995,Crystal Palace & Anerley,2,Male,5673
E05013996,Darwin,1,Female,2923
E05013996,Darwin,2,Male,2849
E05013997,Farnborough & Crofton,1,Female,9256
E05013997,Farnborough & Crofton,2,Male,8449
E05013998,Hayes & Coney Hall,1,Female,8165
E05013998,Hayes & Coney Hall,2,Male,7743
E05013999,Kelsey & Eden Park,1,Female,8008
E05013999,Kelsey & Eden Park,2,Male,7457
E05014000,Mottingham,1,Female,6123
E05014000,Mottingham,2,Male,5365
E05014001,Orpington,1,Female,6217
E05014001,Orpington,2,Male,5743
E05014002,Penge & Cator,1,Female,9966
E05014002,Penge & Cator,2,Male,8943
E05014003,Petts Wood & Knoll,1,Female,8876
E05014003,Petts Wood & Knoll,2,Male,8383
E05014004,Plaistow,1,Female,7121
E05014004,Plaistow,2,Male,6357
E05014005,Shortlands & Park Langley,1,Female,8315
E05014005,Shortlands & Park Langley,2,Male,7892
E05014006,St Mary Cray,1,Female,9713
E05014006,St Mary Cray,2,Male,8723
E05014007,St Paul's Cray,1,Female,9128
E05014007,St Paul's Cray,2,Male,8183
E05014008,West Wickham,1,Female,7565
E05014008,West Wickham,2,Male,7203
E05014009,Balham,1,Female,9276
E05014009,Balham,2,Male,8431
E05014010,Battersea Park,1,Female,10130
E05014010,Battersea Park,2,Male,9046
E05014011,East Putney,1,Female,8848
E05014011,East Putney,2,Male,8070
E05014012,Falconbrook,1,Female,6385
E05014012,Falconbrook,2,Male,5597
E05014013,Furzedown,1,Female,9444
E05014013,Furzedown,2,Male,8609
E05014014,Lavender,1,Female,6956
E05014014,Lavender,2,Male,6496
E05014015,Nine Elms,1,Female,2701
E05014015,Nine Elms,2,Male,2695
E05014016,Northcote,1,Female,6640
E05014016,Northcote,2,Male,6223
E05014017,Roehampton,1,Female,10069
E05014017,Roehampton,2,Male,8777
E05014018,St Mary's (Wandsworth),1,Female,7393
E05014018,St Mary's (Wandsworth),2,Male,6790
E05014019,Shaftesbury & Queenstown,1,Female,8082
E05014019,Shaftesbury & Queenstown,2,Male,7099
E05014020,South Balham,1,Female,5206
E05014020,South Balham,2,Male,4624
E05014021,Southfields,1,Female,6716
E05014021,Southfields,2,Male,5943
E05014022,Thamesfield,1,Female,8716
E05014022,Thamesfield,2,Male,8001
E05014023,Tooting Bec,1,Female,9190
E05014023,Tooting Bec,2,Male,7838
E05014024,Tooting Broadway,1,Female,9086
E05014024,Tooting Broadway,2,Male,8131
E05014025,Trinity (Wandsworth),1,Female,5904
E05014025,Trinity (Wandsworth),2,Male,5277
E05014026,Wandle (Wandsworth),1,Female,5604
E05014026,Wandle (Wandsworth),2,Male,4981
E05014027,Wandsworth Common,1,Female,8470
E05014027,Wandsworth Common,2,Male,8123
E05014028,Wandsworth Town,1,Female,9512
E05014028,Wandsworth Town,2,Male,8699
E05014029,West Hill (Wandsworth),1,Female,8848
E05014029,West Hill (Wandsworth),2,Male,7967
E05014030,West Putney,1,Female,9077
E05014030,West Putney,2,Male,7833
E05014053,Abbey (Barking and Dagenham),1,Female,1945
E05014053,Abbey (Barking and Dagenham),2,Male,2010
E05014054,Alibon,1,Female,5205
E05014054,Alibon,2,Male,4824
E05014055,Barking Riverside,1,Female,5169
E05014055,Barking Riverside,2,Male,4786
E05014056,Beam,1,Female,4429
E05014056,Beam,2,Male,4181
E05014057,Becontree,1,Female,4968
E05014057,Becontree,2,Male,4831
E05014058,Chadwell Heath,1,Female,7340
E05014058,Chadwell Heath,2,Male,6746
E05014059,Eastbrook & Rush Green,1,Female,4431
E05014059,Eastbrook & Rush Green,2,Male,4218
E05014060,Eastbury,1,Female,7951
E05014060,Eastbury,2,Male,7649
E05014061,Gascoigne,1,Female,5525
E05014061,Gascoigne,2,Male,5306
E05014062,Goresbrook,1,Female,6860
E05014062,Goresbrook,2,Male,6210
E05014063,Heath (Barking and Dagenham),1,Female,4716
E05014063,Heath (Barking and Dagenham),2,Male,4278
E05014064,Longbridge,1,Female,6614
E05014064,Longbridge,2,Male,6694
E05014065,Mayesbrook,1,Female,8169
E05014065,Mayesbrook,2,Male,7753
E05014066,Northbury,1,Female,6511
E05014066,Northbury,2,Male,6569
E05014067,Parsloes,1,Female,7804
E05014067,Parsloes,2,Male,7447
E05014068,Thames View,1,Female,3066
E05014068,Thames View,2,Male,2939
E05014069,Valence,1,Female,8072
E05014069,Valence,2,Male,7409
E05014070,Village (Barking and Dagenham),1,Female,6524
E05014070,Village (Barking and Dagenham),2,Male,6016
E05014071,Whalebone,1,Female,6989
E05014071,Whalebone,2,Male,6717
E05014072,Abbey Wood,1,Female,9035
E05014072,Abbey Wood,2,Male,8654
E05014073,Blackheath Westcombe,1,Female,7858
E05014073,Blackheath Westcombe,2,Male,7177
E05014074,Charlton Hornfair,1,Female,6345
E05014074,Charlton Hornfair,2,Male,5963
E05014075,Charlton Village & Riverside,1,Female,5389
E05014075,Charlton Village & Riverside,2,Male,5127
E05014076,East Greenwich,1,Female,7406
E05014076,East Greenwich,2,Male,7074
E05014077,Eltham Page,1,Female,5033
E05014077,Eltham Page,2,Male,4719
E05014078,Eltham Park & Progress,1,Female,5625
E05014078,Eltham Park & Progress,2,Male,5141
E05014079,Eltham Town & Avery Hill,1,Female,8163
E05014079,Eltham Town & Avery Hill,2,Male,7372
E05014080,Greenwich Creekside,1,Female,5749
E05014080,Greenwich Creekside,2,Male,5250
E05014081,Greenwich Park,1,Female,5448
E05014081,Greenwich Park,2,Male,5106
E05014082,Greenwich Peninsula,1,Female,5771
E05014082,Greenwich Peninsula,2,Male,5646
E05014083,Kidbrooke Park,1,Female,5201
E05014083,Kidbrooke Park,2,Male,4888
E05014084,Kidbrooke Village & Sutcliffe,1,Female,3216
E05014084,Kidbrooke Village & Sutcliffe,2,Male,2889
E05014085,Middle Park & Horn Park,1,Female,5063
E05014085,Middle Park & Horn Park,2,Male,4454
E05014086,"Mottingham, Coldharbour & New Eltham",1,Female,7387
E05014086,"Mottingham, Coldharbour & New Eltham",2,Male,7145
E05014087,Plumstead & Glyndon,1,Female,11153
E05014087,Plumstead & Glyndon,2,Male,10818
E05014088,Plumstead Common,1,Female,7920
E05014088,Plumstead Common,2,Male,7249
E05014089,Shooters Hill,1,Female,6102
E05014089,Shooters Hill,2,Male,5789
E05014090,Thamesmead Moorings,1,Female,6449
E05014090,Thamesmead Moorings,2,Male,6003
E05014091,West Thamesmead,1,Female,5460
E05014091,West Thamesmead,2,Male,6355
E05014092,Woolwich Arsenal,1,Female,6132
E05014092,Woolwich Arsenal,2,Male,5968
E05014093,Woolwich Common,1,Female,6635
E05014093,Woolwich Common,2,Male,6053
E05014094,Woolwich Dockyard,1,Female,6031
E05014094,Woolwich Dockyard,2,Male,5657
E05014095,Brixton Acre Lane,1,Female,7517
E05014095,Brixton Acre Lane,2,Male,7735
E05014096,Brixton North,1,Female,8443
E05014096,Brixton North,2,Male,7881
E05014097,Brixton Rush Common,1,Female,7895
E05014097,Brixton Rush Common,2,Male,7035
E05014098,Brixton Windrush,1,Female,4920
E05014098,Brixton Windrush,2,Male,4562
E05014099,Clapham Common & Abbeville,1,Female,5192
E05014099,Clapham Common & Abbeville,2,Male,4823
E05014100,Clapham East,1,Female,5198
E05014100,Clapham East,2,Male,4647
E05014101,Clapham Park,1,Female,6603
E05014101,Clapham Park,2,Male,6108
E05014102,Clapham Town,1,Female,8127
E05014102,Clapham Town,2,Male,7777
E05014103,Gipsy Hill,1,Female,5473
E05014103,Gipsy Hill,2,Male,4784
E05014104,Herne Hill & Loughborough Junction,1,Female,8431
E05014104,Herne Hill & Loughborough Junction,2,Male,7725
E05014105,Kennington (Lambeth),1,Female,7378
E05014105,Kennington (Lambeth),2,Male,7225
E05014106,Knight's Hill,1,Female,8968
E05014106,Knight's Hill,2,Male,7939
E05014107,Myatt's Fields,1,Female,5625
E05014107,Myatt's Fields,2,Male,5307
E05014108,Oval,1,Female,6079
E05014108,Oval,2,Male,6362
E05014109,St Martin's (Lambeth),1,Female,5775
E05014109,St Martin's (Lambeth),2,Male,5069
E05014110,Stockwell East,1,Female,5440
E05014110,Stockwell East,2,Male,5306
E05014111,Stockwell West & Larkhall,1,Female,8310
E05014111,Stockwell West & Larkhall,2,Male,8022
E05014112,Streatham Common & Vale,1,Female,9076
E05014112,Streatham Common & Vale,2,Male,8583
E05014113,Streatham Hill East,1,Female,5120
E05014113,Streatham Hill East,2,Male,4757
E05014114,Streatham Hill West & Thornton,1,Female,5685
E05014114,Streatham Hill West & Thornton,2,Male,5206
E05014115,Streatham St Leonard's,1,Female,8122
E05014115,Streatham St Leonard's,2,Male,7692
E05014116,Streatham Wells,1,Female,5066
E05014116,Streatham Wells,2,Male,4691
E05014117,Vauxhall (Lambeth),1,Female,4733
E05014117,Vauxhall (Lambeth),2,Male,5000
E05014118,Waterloo & South Bank,1,Female,4512
E05014118,Waterloo & South Bank,2,Male,4346
E05014119,West Dulwich,1,Female,6028
E05014119,West Dulwich,2,Male,5356
E09000001,City of London,1,Female,3861
E09000001,City of London,2,Male,4722